Category,References,Value,Stock Code,Unit Cost,Description,Group Layer,PCB Package,Supplier,Placed
Capacitors,C5,200p,https://www.mouser.sg/ProductDetail/Vishay-Cera-Mite/562R10TST20?qs=1Vd4QiMLiWEhnW3IqIibiA==,,220p Ceramic Capacitor,Audio,CAP20,,Top Copper
Resistors,R1,442,https://www.mouser.sg/ProductDetail/Vishay-Dale/CMF55442R00FHEB?qs=gQQ%2FpDEpiRKHk7nNPbIyfA%3D%3D,,Generic resistor symbol,Audio,RES40,,Top Copper
Resistors,R2,442,https://www.mouser.sg/ProductDetail/Vishay-Dale/CMF55442R00FHEB?qs=gQQ%2FpDEpiRKHk7nNPbIyfA%3D%3D,,Generic resistor symbol,Audio,RES40,,Top Copper
Resistors,R3,221,https://www.mouser.sg/ProductDetail/Vishay-Dale/CMF55221R00FKEB?qs=gQ87q99%2FLGLtVGUX15QkBw%3D%3D,,Generic resistor symbol,Audio,RES40,,Top Copper
Resistors,R4,442,https://www.mouser.sg/ProductDetail/Vishay-Dale/CMF55442R00FHEB?qs=gQQ%2FpDEpiRKHk7nNPbIyfA%3D%3D,,Generic resistor symbol,Audio,RES40,,Top Copper
Resistors,R5,221,https://www.mouser.sg/ProductDetail/Vishay-Dale/CMF55221R00FKEB?qs=gQ87q99%2FLGLtVGUX15QkBw%3D%3D,,Generic resistor symbol,Audio,RES40,,Top Copper
Resistors,R6,442,https://www.mouser.sg/ProductDetail/Vishay-Dale/CMF55442R00FHEB?qs=gQQ%2FpDEpiRKHk7nNPbIyfA%3D%3D,,Generic resistor symbol,Audio,RES40,,Top Copper
Resistors,R7,221,https://www.mouser.sg/ProductDetail/Vishay-Dale/CMF55221R00FKEB?qs=gQ87q99%2FLGLtVGUX15QkBw%3D%3D,,Generic resistor symbol,Audio,RES40,,Top Copper
Resistors,R8,442,https://www.mouser.sg/ProductDetail/Vishay-Dale/CMF55442R00FHEB?qs=gQQ%2FpDEpiRKHk7nNPbIyfA%3D%3D,,Generic resistor symbol,Audio,RES40,,Top Copper
Resistors,R9,221,https://www.mouser.sg/ProductDetail/Vishay-Dale/CMF55221R00FKEB?qs=gQ87q99%2FLGLtVGUX15QkBw%3D%3D,,Generic resistor symbol,Audio,RES40,,Top Copper
Resistors,R10,442,https://www.mouser.sg/ProductDetail/Vishay-Dale/CMF55442R00FHEB?qs=gQQ%2FpDEpiRKHk7nNPbIyfA%3D%3D,,Generic resistor symbol,Audio,RES40,,Top Copper
Resistors,R11,221,https://www.mouser.sg/ProductDetail/Vishay-Dale/CMF55221R00FKEB?qs=gQ87q99%2FLGLtVGUX15QkBw%3D%3D,,Generic resistor symbol,Audio,RES40,,Top Copper
Resistors,R12,442,https://www.mouser.sg/ProductDetail/Vishay-Dale/CMF55442R00FHEB?qs=gQQ%2FpDEpiRKHk7nNPbIyfA%3D%3D,,Generic resistor symbol,Audio,RES40,,Top Copper
Resistors,R13,221,https://www.mouser.sg/ProductDetail/Vishay-Dale/CMF55221R00FKEB?qs=gQ87q99%2FLGLtVGUX15QkBw%3D%3D,,Generic resistor symbol,Audio,RES40,,Top Copper
Resistors,R14,442,https://www.mouser.sg/ProductDetail/Vishay-Dale/CMF55442R00FHEB?qs=gQQ%2FpDEpiRKHk7nNPbIyfA%3D%3D,,Generic resistor symbol,Audio,RES40,,Top Copper
Resistors,R15,221,https://www.mouser.sg/ProductDetail/Vishay-Dale/CMF55221R00FKEB?qs=gQ87q99%2FLGLtVGUX15QkBw%3D%3D,,Generic resistor symbol,Audio,RES40,,Top Copper
Resistors,R16,442,https://www.mouser.sg/ProductDetail/Vishay-Dale/CMF55442R00FHEB?qs=gQQ%2FpDEpiRKHk7nNPbIyfA%3D%3D,,Generic resistor symbol,Audio,RES40,,Top Copper
Resistors,R18,442,https://www.mouser.sg/ProductDetail/Vishay-Dale/CMF55442R00FHEB?qs=gQQ%2FpDEpiRKHk7nNPbIyfA%3D%3D,,Generic resistor symbol,Audio,RES40,,Top Copper
Resistors,R19,442,https://www.mouser.sg/ProductDetail/Vishay-Dale/CMF55442R00FHEB?qs=gQQ%2FpDEpiRKHk7nNPbIyfA%3D%3D,,Generic resistor symbol,Audio,RES40,,Top Copper
Resistors,R20,221,https://www.mouser.sg/ProductDetail/Vishay-Dale/CMF55221R00FKEB?qs=gQ87q99%2FLGLtVGUX15QkBw%3D%3D,,Generic resistor symbol,Audio,RES40,,Top Copper
Resistors,R21,442,https://www.mouser.sg/ProductDetail/Vishay-Dale/CMF55442R00FHEB?qs=gQQ%2FpDEpiRKHk7nNPbIyfA%3D%3D,,Generic resistor symbol,Audio,RES40,,Top Copper
Resistors,R22,221,https://www.mouser.sg/ProductDetail/Vishay-Dale/CMF55221R00FKEB?qs=gQ87q99%2FLGLtVGUX15QkBw%3D%3D,,Generic resistor symbol,Audio,RES40,,Top Copper
Resistors,R23,442,https://www.mouser.sg/ProductDetail/Vishay-Dale/CMF55442R00FHEB?qs=gQQ%2FpDEpiRKHk7nNPbIyfA%3D%3D,,Generic resistor symbol,Audio,RES40,,Top Copper
Resistors,R24,221,https://www.mouser.sg/ProductDetail/Vishay-Dale/CMF55221R00FKEB?qs=gQ87q99%2FLGLtVGUX15QkBw%3D%3D,,Generic resistor symbol,Audio,RES40,,Top Copper
Resistors,R25,442,https://www.mouser.sg/ProductDetail/Vishay-Dale/CMF55442R00FHEB?qs=gQQ%2FpDEpiRKHk7nNPbIyfA%3D%3D,,Generic resistor symbol,Audio,RES40,,Top Copper
Resistors,R26,221,https://www.mouser.sg/ProductDetail/Vishay-Dale/CMF55221R00FKEB?qs=gQ87q99%2FLGLtVGUX15QkBw%3D%3D,,Generic resistor symbol,Audio,RES40,,Top Copper
Resistors,R27,442,https://www.mouser.sg/ProductDetail/Vishay-Dale/CMF55442R00FHEB?qs=gQQ%2FpDEpiRKHk7nNPbIyfA%3D%3D,,Generic resistor symbol,Audio,RES40,,Top Copper
Resistors,R28,221,https://www.mouser.sg/ProductDetail/Vishay-Dale/CMF55221R00FKEB?qs=gQ87q99%2FLGLtVGUX15QkBw%3D%3D,,Generic resistor symbol,Audio,RES40,,Top Copper
Resistors,R29,442,https://www.mouser.sg/ProductDetail/Vishay-Dale/CMF55442R00FHEB?qs=gQQ%2FpDEpiRKHk7nNPbIyfA%3D%3D,,Generic resistor symbol,Audio,RES40,,Top Copper
Resistors,R30,221,https://www.mouser.sg/ProductDetail/Vishay-Dale/CMF55221R00FKEB?qs=gQ87q99%2FLGLtVGUX15QkBw%3D%3D,,Generic resistor symbol,Audio,RES40,,Top Copper
Resistors,R31,442,https://www.mouser.sg/ProductDetail/Vishay-Dale/CMF55442R00FHEB?qs=gQQ%2FpDEpiRKHk7nNPbIyfA%3D%3D,,Generic resistor symbol,Audio,RES40,,Top Copper
Resistors,R32,221,https://www.mouser.sg/ProductDetail/Vishay-Dale/CMF55221R00FKEB?qs=gQ87q99%2FLGLtVGUX15QkBw%3D%3D,,Generic resistor symbol,Audio,RES40,,Top Copper
Resistors,R33,442,https://www.mouser.sg/ProductDetail/Vishay-Dale/CMF55442R00FHEB?qs=gQQ%2FpDEpiRKHk7nNPbIyfA%3D%3D,,Generic resistor symbol,Audio,RES40,,Top Copper
Resistors,R40,220,https://www.mouser.sg/ProductDetail/Vishay-Dale/CMF55220R00FHEK?qs=UEmB0FaNOjg2TC4qgSAJvQ%3D%3D,,Generic resistor symbol,Audio,RES40,,Top Copper
Resistors,R41,220,https://www.mouser.sg/ProductDetail/Vishay-Dale/CMF55220R00FHEK?qs=UEmB0FaNOjg2TC4qgSAJvQ%3D%3D,,Generic resistor symbol,Audio,RES40,,Top Copper
Integrated Circuits,U1,74HC138,https://www.mouser.sg/ProductDetail/Texas-Instruments/SN74LS138NE4?qs=sGAEpiMZZMtxONTBFIcRfk9GpaUoLd0ck0Ao35GjMhY%3D,,3-Line to 8-Line Decoders/Demultiplexers,Audio,DIL16,https://www.mouser.sg/ProductDetail/Mill-Max/110-13-316-41-801000?qs=WZeyYeqMOWd122xzWNZKKg%3D%3D,Top Copper
Integrated Circuits,U2,74S374,https://www.mouser.sg/ProductDetail/Texas-Instruments/SN74LS374NE4?qs=SL3LIuy2dWwBzzpDJsDv8A%3D%3D,,Octal D-Type Edge Triggered Flip-Flops with Tristate Outputs,Audio,DIL20,https://www.mouser.sg/ProductDetail/Mill-Max/110-43-320-41-801000?qs=RC2ne4458IKe5rHuueYA%2FA%3D%3D,Top Copper
Integrated Circuits,U3,7404,https://www.mouser.sg/ProductDetail/Texas-Instruments/SN74LS04NE4?qs=sGAEpiMZZMutVWjHE%2FYQw8FcJMyir0Lqzet%252BOgibJRs%3D,,Hex Inverters,Audio,DIL14,https://www.mouser.sg/ProductDetail/Mill-Max/110-93-314-41-801000?qs=%2Fha2pyFaduiAoJI%252BFT3Un6AU4u1EPWQWyNo%252BHzE50tJ%252B9XjMyXXSECwGDt8yOlKj,Top Copper
Integrated Circuits,U4,74S374,https://www.mouser.sg/ProductDetail/Texas-Instruments/SN74LS374NE4?qs=SL3LIuy2dWwBzzpDJsDv8A%3D%3D,,Octal D-Type Edge Triggered Flip-Flops with Tristate Outputs,Audio,DIL20,https://www.mouser.sg/ProductDetail/Mill-Max/110-43-320-41-801000?qs=RC2ne4458IKe5rHuueYA%2FA%3D%3D,Top Copper
Integrated Circuits,U5,74LS21,https://www.mouser.sg/ProductDetail/Texas-Instruments/SN74LS21NE4?qs=sGAEpiMZZMtMa9lbYwD6ZGuuqVaqkGmOS8GB5LKZP7E%3D,,Dual 4-Input Positive-AND Gates,Audio,DIL14,https://www.mouser.sg/ProductDetail/Mill-Max/110-93-314-41-801000?qs=%2Fha2pyFaduiAoJI%252BFT3Un6AU4u1EPWQWyNo%252BHzE50tJ%252B9XjMyXXSECwGDt8yOlKj,Top Copper
Integrated Circuits,U6,74S374,https://www.mouser.sg/ProductDetail/Texas-Instruments/SN74LS374NE4?qs=SL3LIuy2dWwBzzpDJsDv8A%3D%3D,,Octal D-Type Edge Triggered Flip-Flops with Tristate Outputs,Audio,DIL20,https://www.mouser.sg/ProductDetail/Mill-Max/110-43-320-41-801000?qs=RC2ne4458IKe5rHuueYA%2FA%3D%3D,Top Copper
Integrated Circuits,U7,74HC138,https://www.mouser.sg/ProductDetail/Texas-Instruments/SN74LS138NE4?qs=sGAEpiMZZMtxONTBFIcRfk9GpaUoLd0ck0Ao35GjMhY%3D,,3-Line to 8-Line Decoders/Demultiplexers,Audio,DIL16,https://www.mouser.sg/ProductDetail/Mill-Max/110-13-316-41-801000?qs=WZeyYeqMOWd122xzWNZKKg%3D%3D,Top Copper
Integrated Circuits,U8,74HC138,https://www.mouser.sg/ProductDetail/Texas-Instruments/SN74LS138NE4?qs=sGAEpiMZZMtxONTBFIcRfk9GpaUoLd0ck0Ao35GjMhY%3D,,3-Line to 8-Line Decoders/Demultiplexers,Audio,DIL16,https://www.mouser.sg/ProductDetail/Mill-Max/110-13-316-41-801000?qs=WZeyYeqMOWd122xzWNZKKg%3D%3D,Top Copper
Integrated Circuits,U9,74S374,https://www.mouser.sg/ProductDetail/Texas-Instruments/SN74LS374NE4?qs=SL3LIuy2dWwBzzpDJsDv8A%3D%3D,,Octal D-Type Edge Triggered Flip-Flops with Tristate Outputs,Audio,DIL20,https://www.mouser.sg/ProductDetail/Mill-Max/110-43-320-41-801000?qs=RC2ne4458IKe5rHuueYA%2FA%3D%3D,Top Copper
Integrated Circuits,U10,74273,https://www.mouser.sg/ProductDetail/Texas-Instruments/SN74LS273NE4?qs=sGAEpiMZZMvxP%252Bvr8KwMwF73%2FSEETFlcw32YC66%252Bjxg%3D,S$0.90,Octal D-Type Positive-Edge-Triggered Flip-Flops With Clear,Audio,DIL20,https://www.mouser.sg/ProductDetail/Mill-Max/110-43-320-41-801000?qs=RC2ne4458IKe5rHuueYA%2FA%3D%3D,Top Copper
Integrated Circuits,U11,74273,https://www.mouser.sg/ProductDetail/Texas-Instruments/SN74LS273NE4?qs=sGAEpiMZZMvxP%252Bvr8KwMwF73%2FSEETFlcw32YC66%252Bjxg%3D,S$0.90,Octal D-Type Positive-Edge-Triggered Flip-Flops With Clear,Audio,DIL20,https://www.mouser.sg/ProductDetail/Mill-Max/110-43-320-41-801000?qs=RC2ne4458IKe5rHuueYA%2FA%3D%3D,Top Copper
Integrated Circuits,U12,74273,https://www.mouser.sg/ProductDetail/Texas-Instruments/SN74LS273NE4?qs=sGAEpiMZZMvxP%252Bvr8KwMwF73%2FSEETFlcw32YC66%252Bjxg%3D,S$0.90,Octal D-Type Positive-Edge-Triggered Flip-Flops With Clear,Audio,DIL20,https://www.mouser.sg/ProductDetail/Mill-Max/110-43-320-41-801000?qs=RC2ne4458IKe5rHuueYA%2FA%3D%3D,Top Copper
Integrated Circuits,U13,74273,https://www.mouser.sg/ProductDetail/Texas-Instruments/SN74LS273NE4?qs=sGAEpiMZZMvxP%252Bvr8KwMwF73%2FSEETFlcw32YC66%252Bjxg%3D,S$0.90,Octal D-Type Positive-Edge-Triggered Flip-Flops With Clear,Audio,DIL20,https://www.mouser.sg/ProductDetail/Mill-Max/110-43-320-41-801000?qs=RC2ne4458IKe5rHuueYA%2FA%3D%3D,Top Copper
Integrated Circuits,U14,74S374,https://www.mouser.sg/ProductDetail/Texas-Instruments/SN74LS374NE4?qs=SL3LIuy2dWwBzzpDJsDv8A%3D%3D,,Octal D-Type Edge Triggered Flip-Flops with Tristate Outputs,Audio,DIL20,https://www.mouser.sg/ProductDetail/Mill-Max/110-43-320-41-801000?qs=RC2ne4458IKe5rHuueYA%2FA%3D%3D,Top Copper
Integrated Circuits,U15,74S374,https://www.mouser.sg/ProductDetail/Texas-Instruments/SN74LS374NE4?qs=SL3LIuy2dWwBzzpDJsDv8A%3D%3D,,Octal D-Type Edge Triggered Flip-Flops with Tristate Outputs,Audio,DIL20,https://www.mouser.sg/ProductDetail/Mill-Max/110-43-320-41-801000?qs=RC2ne4458IKe5rHuueYA%2FA%3D%3D,Top Copper
Integrated Circuits,U16,74273,https://www.mouser.sg/ProductDetail/Texas-Instruments/SN74LS273NE4?qs=sGAEpiMZZMvxP%252Bvr8KwMwF73%2FSEETFlcw32YC66%252Bjxg%3D,S$0.90,Octal D-Type Positive-Edge-Triggered Flip-Flops With Clear,Audio,DIL20,https://www.mouser.sg/ProductDetail/Mill-Max/110-43-320-41-801000?qs=RC2ne4458IKe5rHuueYA%2FA%3D%3D,Top Copper
Integrated Circuits,U17,7404,https://www.mouser.sg/ProductDetail/Texas-Instruments/SN74LS04NE4?qs=sGAEpiMZZMutVWjHE%2FYQw8FcJMyir0Lqzet%252BOgibJRs%3D,,Hex Inverters,Audio,DIL14,https://www.mouser.sg/ProductDetail/Mill-Max/110-93-314-41-801000?qs=%2Fha2pyFaduiAoJI%252BFT3Un6AU4u1EPWQWyNo%252BHzE50tJ%252B9XjMyXXSECwGDt8yOlKj,Top Copper
Integrated Circuits,U18,74273,https://www.mouser.sg/ProductDetail/Texas-Instruments/SN74LS273NE4?qs=sGAEpiMZZMvxP%252Bvr8KwMwF73%2FSEETFlcw32YC66%252Bjxg%3D,S$0.90,Octal D-Type Positive-Edge-Triggered Flip-Flops With Clear,Audio,DIL20,https://www.mouser.sg/ProductDetail/Mill-Max/110-43-320-41-801000?qs=RC2ne4458IKe5rHuueYA%2FA%3D%3D,Top Copper
Integrated Circuits,U19,74HC138,https://www.mouser.sg/ProductDetail/Texas-Instruments/SN74LS138NE4?qs=sGAEpiMZZMtxONTBFIcRfk9GpaUoLd0ck0Ao35GjMhY%3D,,3-Line to 8-Line Decoders/Demultiplexers,Audio,DIL16,https://www.mouser.sg/ProductDetail/Mill-Max/110-13-316-41-801000?qs=WZeyYeqMOWd122xzWNZKKg%3D%3D,Top Copper
Integrated Circuits,U20,74HC138,https://www.mouser.sg/ProductDetail/Texas-Instruments/SN74LS138NE4?qs=sGAEpiMZZMtxONTBFIcRfk9GpaUoLd0ck0Ao35GjMhY%3D,,3-Line to 8-Line Decoders/Demultiplexers,Audio,DIL16,https://www.mouser.sg/ProductDetail/Mill-Max/110-13-316-41-801000?qs=WZeyYeqMOWd122xzWNZKKg%3D%3D,Top Copper
Integrated Circuits,U21,74273,https://www.mouser.sg/ProductDetail/Texas-Instruments/SN74LS273NE4?qs=sGAEpiMZZMvxP%252Bvr8KwMwF73%2FSEETFlcw32YC66%252Bjxg%3D,S$0.90,Octal D-Type Positive-Edge-Triggered Flip-Flops With Clear,Audio,DIL20,https://www.mouser.sg/ProductDetail/Mill-Max/110-43-320-41-801000?qs=RC2ne4458IKe5rHuueYA%2FA%3D%3D,Top Copper
Integrated Circuits,U22,7485,https://www.mouser.sg/ProductDetail/Texas-Instruments/SN74LS85N?qs=%2Fha2pyFadujWUs9azztjOlpLCPvFTfozqJRbtmiwunU%3D,,4-Bit Magnitude Comparator,Audio,DIL16,https://www.mouser.sg/ProductDetail/Mill-Max/110-13-316-41-801000?qs=WZeyYeqMOWd122xzWNZKKg%3D%3D,Top Copper
Integrated Circuits,U23,74161,https://www.mouser.sg/ProductDetail/Texas-Instruments/SN74LS161AN?qs=sGAEpiMZZMtdY2G%252BSI3N4ULNIy7IUD05%2FJSW%252B139gsI%3D,,Synchronous 4-Bit Binary Counters,Audio,DIL16,https://www.mouser.sg/ProductDetail/Mill-Max/110-13-316-41-801000?qs=WZeyYeqMOWd122xzWNZKKg%3D%3D,Top Copper
Integrated Circuits,U24,74161,https://www.mouser.sg/ProductDetail/Texas-Instruments/SN74LS161AN?qs=sGAEpiMZZMtdY2G%252BSI3N4ULNIy7IUD05%2FJSW%252B139gsI%3D,,Synchronous 4-Bit Binary Counters,Audio,DIL16,https://www.mouser.sg/ProductDetail/Mill-Max/110-13-316-41-801000?qs=WZeyYeqMOWd122xzWNZKKg%3D%3D,Top Copper
Integrated Circuits,U25,74161,https://www.mouser.sg/ProductDetail/Texas-Instruments/SN74LS161AN?qs=sGAEpiMZZMtdY2G%252BSI3N4ULNIy7IUD05%2FJSW%252B139gsI%3D,,Synchronous 4-Bit Binary Counters,Audio,DIL16,https://www.mouser.sg/ProductDetail/Mill-Max/110-13-316-41-801000?qs=WZeyYeqMOWd122xzWNZKKg%3D%3D,Top Copper
Integrated Circuits,U26,74HC138,https://www.mouser.sg/ProductDetail/Texas-Instruments/SN74LS138NE4?qs=sGAEpiMZZMtxONTBFIcRfk9GpaUoLd0ck0Ao35GjMhY%3D,,3-Line to 8-Line Decoders/Demultiplexers,Audio,DIL16,https://www.mouser.sg/ProductDetail/Mill-Max/110-13-316-41-801000?qs=WZeyYeqMOWd122xzWNZKKg%3D%3D,Top Copper
Integrated Circuits,U27,74273,https://www.mouser.sg/ProductDetail/Texas-Instruments/SN74LS273NE4?qs=sGAEpiMZZMvxP%252Bvr8KwMwF73%2FSEETFlcw32YC66%252Bjxg%3D,,Octal D-Type Positive-Edge-Triggered Flip-Flops With Clear,Audio,DIL20,https://www.mouser.sg/ProductDetail/Mill-Max/110-43-320-41-801000?qs=RC2ne4458IKe5rHuueYA%2FA%3D%3D,Top Copper
Integrated Circuits,U28,74LS373,https://www.mouser.sg/ProductDetail/Texas-Instruments/SN74LS373NE4?qs=sGAEpiMZZMu2QtOrmdJ1%2FRPDYI7IXkrB2H7gdWq7qaw%3D,S$1.40,Octal D-Type Transparent Latches with 3-state Outputs,Audio,DIL20,https://www.mouser.sg/ProductDetail/Mill-Max/110-43-320-41-801000?qs=RC2ne4458IKe5rHuueYA%2FA%3D%3D,Top Copper
Integrated Circuits,U29,74157,https://www.mouser.sg/ProductDetail/Texas-Instruments/SN74LS157NE4?qs=sGAEpiMZZMtxONTBFIcRfk9GpaUoLd0cMjAQzUGo2HI%3D,S$0.90,Quadruple 1-of-2 Data Selectors/Multiplexers,Audio,DIL16,https://www.mouser.sg/ProductDetail/Mill-Max/110-13-316-41-801000?qs=WZeyYeqMOWd122xzWNZKKg%3D%3D,Top Copper
Integrated Circuits,U30,74157,https://www.mouser.sg/ProductDetail/Texas-Instruments/SN74LS157NE4?qs=sGAEpiMZZMtxONTBFIcRfk9GpaUoLd0cMjAQzUGo2HI%3D,S$0.90,Quadruple 1-of-2 Data Selectors/Multiplexers,Audio,DIL16,https://www.mouser.sg/ProductDetail/Mill-Max/110-13-316-41-801000?qs=WZeyYeqMOWd122xzWNZKKg%3D%3D,Top Copper
Integrated Circuits,U31,74157,https://www.mouser.sg/ProductDetail/Texas-Instruments/SN74LS157NE4?qs=sGAEpiMZZMtxONTBFIcRfk9GpaUoLd0cMjAQzUGo2HI%3D,S$0.90,Quadruple 1-of-2 Data Selectors/Multiplexers,Audio,DIL16,https://www.mouser.sg/ProductDetail/Mill-Max/110-13-316-41-801000?qs=WZeyYeqMOWd122xzWNZKKg%3D%3D,Top Copper
Integrated Circuits,U32,74157,https://www.mouser.sg/ProductDetail/Texas-Instruments/SN74LS157NE4?qs=sGAEpiMZZMtxONTBFIcRfk9GpaUoLd0cMjAQzUGo2HI%3D,S$0.90,Quadruple 1-of-2 Data Selectors/Multiplexers,Audio,DIL16,https://www.mouser.sg/ProductDetail/Mill-Max/110-13-316-41-801000?qs=WZeyYeqMOWd122xzWNZKKg%3D%3D,Top Copper
Integrated Circuits,U33,74273,https://www.mouser.sg/ProductDetail/Texas-Instruments/SN74LS273NE4?qs=sGAEpiMZZMvxP%252Bvr8KwMwF73%2FSEETFlcw32YC66%252Bjxg%3D,,Octal D-Type Positive-Edge-Triggered Flip-Flops With Clear,Audio,DIL20,https://www.mouser.sg/ProductDetail/Mill-Max/110-43-320-41-801000?qs=RC2ne4458IKe5rHuueYA%2FA%3D%3D,Top Copper
Integrated Circuits,U34,74273,https://www.mouser.sg/ProductDetail/Texas-Instruments/SN74LS273NE4?qs=sGAEpiMZZMvxP%252Bvr8KwMwF73%2FSEETFlcw32YC66%252Bjxg%3D,,Octal D-Type Positive-Edge-Triggered Flip-Flops With Clear,Audio,DIL20,https://www.mouser.sg/ProductDetail/Mill-Max/110-43-320-41-801000?qs=RC2ne4458IKe5rHuueYA%2FA%3D%3D,Top Copper
Integrated Circuits,U35,74273,https://www.mouser.sg/ProductDetail/Texas-Instruments/SN74LS273NE4?qs=sGAEpiMZZMvxP%252Bvr8KwMwF73%2FSEETFlcw32YC66%252Bjxg%3D,,Octal D-Type Positive-Edge-Triggered Flip-Flops With Clear,Audio,DIL20,https://www.mouser.sg/ProductDetail/Mill-Max/110-43-320-41-801000?qs=RC2ne4458IKe5rHuueYA%2FA%3D%3D,Top Copper
Integrated Circuits,U36,74LS283,https://www.mouser.sg/ProductDetail/Texas-Instruments/SN74LS283NE4?qs=sGAEpiMZZMuV4z%252BhZ4pm1L11UKYaBimF7vh839uxJBE%3D,,4-Bit Binary Full Adders With Fast Carry,Audio,DIL16,https://www.mouser.sg/ProductDetail/Mill-Max/110-13-316-41-801000?qs=WZeyYeqMOWd122xzWNZKKg%3D%3D,Top Copper
Integrated Circuits,U37,74LS283,https://www.mouser.sg/ProductDetail/Texas-Instruments/SN74LS283NE4?qs=sGAEpiMZZMuV4z%252BhZ4pm1L11UKYaBimF7vh839uxJBE%3D,,4-Bit Binary Full Adders With Fast Carry,Audio,DIL16,https://www.mouser.sg/ProductDetail/Mill-Max/110-13-316-41-801000?qs=WZeyYeqMOWd122xzWNZKKg%3D%3D,Top Copper
Integrated Circuits,U38,74LS283,https://www.mouser.sg/ProductDetail/Texas-Instruments/SN74LS283NE4?qs=sGAEpiMZZMuV4z%252BhZ4pm1L11UKYaBimF7vh839uxJBE%3D,,4-Bit Binary Full Adders With Fast Carry,Audio,DIL16,https://www.mouser.sg/ProductDetail/Mill-Max/110-13-316-41-801000?qs=WZeyYeqMOWd122xzWNZKKg%3D%3D,Top Copper
Integrated Circuits,U39,74LS283,https://www.mouser.sg/ProductDetail/Texas-Instruments/SN74LS283NE4?qs=sGAEpiMZZMuV4z%252BhZ4pm1L11UKYaBimF7vh839uxJBE%3D,,4-Bit Binary Full Adders With Fast Carry,Audio,DIL16,https://www.mouser.sg/ProductDetail/Mill-Max/110-13-316-41-801000?qs=WZeyYeqMOWd122xzWNZKKg%3D%3D,Top Copper
Integrated Circuits,U40,74LS283,https://www.mouser.sg/ProductDetail/Texas-Instruments/SN74LS283NE4?qs=sGAEpiMZZMuV4z%252BhZ4pm1L11UKYaBimF7vh839uxJBE%3D,,4-Bit Binary Full Adders With Fast Carry,Audio,DIL16,https://www.mouser.sg/ProductDetail/Mill-Max/110-13-316-41-801000?qs=WZeyYeqMOWd122xzWNZKKg%3D%3D,Top Copper
Integrated Circuits,U41,74LS283,https://www.mouser.sg/ProductDetail/Texas-Instruments/SN74LS283NE4?qs=sGAEpiMZZMuV4z%252BhZ4pm1L11UKYaBimF7vh839uxJBE%3D,,4-Bit Binary Full Adders With Fast Carry,Audio,DIL16,https://www.mouser.sg/ProductDetail/Mill-Max/110-13-316-41-801000?qs=WZeyYeqMOWd122xzWNZKKg%3D%3D,Top Copper
Integrated Circuits,U42,74LS283,https://www.mouser.sg/ProductDetail/Texas-Instruments/SN74LS283NE4?qs=sGAEpiMZZMuV4z%252BhZ4pm1L11UKYaBimF7vh839uxJBE%3D,,4-Bit Binary Full Adders With Fast Carry,Audio,DIL16,https://www.mouser.sg/ProductDetail/Mill-Max/110-13-316-41-801000?qs=WZeyYeqMOWd122xzWNZKKg%3D%3D,Top Copper
Integrated Circuits,U43,7474,https://www.mouser.sg/ProductDetail/Texas-Instruments/SN74LS74ANE4?qs=%2Fha2pyFaduisezm8rmvWidBAnd8e%2F0Kj57shzdZeHHc%3D,,Dual Positive-Edge-Triggered D-Type Flip-Flops With Clear And Preset,Audio,DIL14,https://www.mouser.sg/ProductDetail/Mill-Max/110-93-314-41-801000?qs=%2Fha2pyFaduiAoJI%252BFT3Un6AU4u1EPWQWyNo%252BHzE50tJ%252B9XjMyXXSECwGDt8yOlKj,Top Copper
Integrated Circuits,U44,74157,https://www.mouser.sg/ProductDetail/Texas-Instruments/SN74LS157NE4?qs=sGAEpiMZZMtxONTBFIcRfk9GpaUoLd0cMjAQzUGo2HI%3D,,Quadruple 1-of-2 Data Selectors/Multiplexers,Audio,DIL16,https://www.mouser.sg/ProductDetail/Mill-Max/110-13-316-41-801000?qs=WZeyYeqMOWd122xzWNZKKg%3D%3D,Top Copper
Integrated Circuits,U45,74157,https://www.mouser.sg/ProductDetail/Texas-Instruments/SN74LS157NE4?qs=sGAEpiMZZMtxONTBFIcRfk9GpaUoLd0cMjAQzUGo2HI%3D,,Quadruple 1-of-2 Data Selectors/Multiplexers,Audio,DIL16,https://www.mouser.sg/ProductDetail/Mill-Max/110-13-316-41-801000?qs=WZeyYeqMOWd122xzWNZKKg%3D%3D,Top Copper
Integrated Circuits,U46,74157,https://www.mouser.sg/ProductDetail/Texas-Instruments/SN74LS157NE4?qs=sGAEpiMZZMtxONTBFIcRfk9GpaUoLd0cMjAQzUGo2HI%3D,,Quadruple 1-of-2 Data Selectors/Multiplexers,Audio,DIL16,https://www.mouser.sg/ProductDetail/Mill-Max/110-13-316-41-801000?qs=WZeyYeqMOWd122xzWNZKKg%3D%3D,Top Copper
Integrated Circuits,U47,74157,https://www.mouser.sg/ProductDetail/Texas-Instruments/SN74LS157NE4?qs=sGAEpiMZZMtxONTBFIcRfk9GpaUoLd0cMjAQzUGo2HI%3D,,Quadruple 1-of-2 Data Selectors/Multiplexers,Audio,DIL16,https://www.mouser.sg/ProductDetail/Mill-Max/110-13-316-41-801000?qs=WZeyYeqMOWd122xzWNZKKg%3D%3D,Top Copper
Integrated Circuits,U48,7485,https://www.mouser.sg/ProductDetail/Texas-Instruments/SN74LS85N?qs=%2Fha2pyFadujWUs9azztjOlpLCPvFTfozqJRbtmiwunU%3D,,4-Bit Magnitude Comparator,Audio,DIL16,https://www.mouser.sg/ProductDetail/Mill-Max/110-13-316-41-801000?qs=WZeyYeqMOWd122xzWNZKKg%3D%3D,Top Copper
Integrated Circuits,U49,7485,https://www.mouser.sg/ProductDetail/Texas-Instruments/SN74LS85N?qs=%2Fha2pyFadujWUs9azztjOlpLCPvFTfozqJRbtmiwunU%3D,,4-Bit Magnitude Comparator,Audio,DIL16,https://www.mouser.sg/ProductDetail/Mill-Max/110-13-316-41-801000?qs=WZeyYeqMOWd122xzWNZKKg%3D%3D,Top Copper
Integrated Circuits,U50,7485,https://www.mouser.sg/ProductDetail/Texas-Instruments/SN74LS85N?qs=%2Fha2pyFadujWUs9azztjOlpLCPvFTfozqJRbtmiwunU%3D,,4-Bit Magnitude Comparator,Audio,DIL16,https://www.mouser.sg/ProductDetail/Mill-Max/110-13-316-41-801000?qs=WZeyYeqMOWd122xzWNZKKg%3D%3D,Top Copper
Integrated Circuits,U51,7485,https://www.mouser.sg/ProductDetail/Texas-Instruments/SN74LS85N?qs=%2Fha2pyFadujWUs9azztjOlpLCPvFTfozqJRbtmiwunU%3D,,4-Bit Magnitude Comparator,Audio,DIL16,https://www.mouser.sg/ProductDetail/Mill-Max/110-13-316-41-801000?qs=WZeyYeqMOWd122xzWNZKKg%3D%3D,Top Copper
Integrated Circuits,U52,7408,https://www.mouser.sg/ProductDetail/Texas-Instruments/SN74LS08NE4?qs=sGAEpiMZZMtMa9lbYwD6ZGuuqVaqkGmOfW4A%252BAFGoNk%3D,,Quadruple 2-Input Positive-AND Gates,Audio,DIL14,https://www.mouser.sg/ProductDetail/Mill-Max/110-93-314-41-801000?qs=%2Fha2pyFaduiAoJI%252BFT3Un6AU4u1EPWQWyNo%252BHzE50tJ%252B9XjMyXXSECwGDt8yOlKj,Top Copper
Integrated Circuits,U53,74273,https://www.mouser.sg/ProductDetail/Texas-Instruments/SN74LS273NE4?qs=sGAEpiMZZMvxP%252Bvr8KwMwF73%2FSEETFlcw32YC66%252Bjxg%3D,,Octal D-Type Positive-Edge-Triggered Flip-Flops With Clear,Audio,DIL20,https://www.mouser.sg/ProductDetail/Mill-Max/110-43-320-41-801000?qs=RC2ne4458IKe5rHuueYA%2FA%3D%3D,Top Copper
Integrated Circuits,U54,7432,https://www.mouser.sg/ProductDetail/Texas-Instruments/SN74LS32NE4?qs=sGAEpiMZZMtMa9lbYwD6ZGuuqVaqkGmO7x4PfQeTHF4%3D,,Quad 2-input positive-OR gates,Audio,DIL14,https://www.mouser.sg/ProductDetail/Mill-Max/110-93-314-41-801000?qs=%2Fha2pyFaduiAoJI%252BFT3Un6AU4u1EPWQWyNo%252BHzE50tJ%252B9XjMyXXSECwGDt8yOlKj,Top Copper
Integrated Circuits,U55,7427,https://www.mouser.sg/ProductDetail/Texas-Instruments/SN74LS27N?qs=sGAEpiMZZMutXGli8Ay4kP28D9wZ8SQIwsPDjIqEADE%3D,,Triple 3-Input Positive NOR Gates,Audio,DIL14,https://www.mouser.sg/ProductDetail/Mill-Max/110-93-314-41-801000?qs=%2Fha2pyFaduiAoJI%252BFT3Un6AU4u1EPWQWyNo%252BHzE50tJ%252B9XjMyXXSECwGDt8yOlKj,Top Copper
Integrated Circuits,U56,7427,https://www.mouser.sg/ProductDetail/Texas-Instruments/SN74LS27N?qs=sGAEpiMZZMutXGli8Ay4kP28D9wZ8SQIwsPDjIqEADE%3D,,Triple 3-Input Positive NOR Gates,Audio,DIL14,https://www.mouser.sg/ProductDetail/Mill-Max/110-93-314-41-801000?qs=%2Fha2pyFaduiAoJI%252BFT3Un6AU4u1EPWQWyNo%252BHzE50tJ%252B9XjMyXXSECwGDt8yOlKj,Top Copper
Integrated Circuits,U57,74LS373,https://www.mouser.sg/ProductDetail/Texas-Instruments/SN74LS373NE4?qs=sGAEpiMZZMu2QtOrmdJ1%2FRPDYI7IXkrB2H7gdWq7qaw%3D,,Octal D-Type Transparent Latches with 3-state Outputs,Audio,DIL20,https://www.mouser.sg/ProductDetail/Mill-Max/110-43-320-41-801000?qs=RC2ne4458IKe5rHuueYA%2FA%3D%3D,Top Copper
Integrated Circuits,U58,74LS373,https://www.mouser.sg/ProductDetail/Texas-Instruments/SN74LS373NE4?qs=sGAEpiMZZMu2QtOrmdJ1%2FRPDYI7IXkrB2H7gdWq7qaw%3D,,Octal D-Type Transparent Latches with 3-state Outputs,Audio,DIL20,https://www.mouser.sg/ProductDetail/Mill-Max/110-43-320-41-801000?qs=RC2ne4458IKe5rHuueYA%2FA%3D%3D,Top Copper
Integrated Circuits,U59,74LS283,https://www.mouser.sg/ProductDetail/Texas-Instruments/SN74LS283NE4?qs=sGAEpiMZZMuV4z%252BhZ4pm1L11UKYaBimF7vh839uxJBE%3D,,4-Bit Binary Full Adders With Fast Carry,Audio,DIL16,https://www.mouser.sg/ProductDetail/Mill-Max/110-13-316-41-801000?qs=WZeyYeqMOWd122xzWNZKKg%3D%3D,Top Copper
Integrated Circuits,U60,74LS283,https://www.mouser.sg/ProductDetail/Texas-Instruments/SN74LS283NE4?qs=sGAEpiMZZMuV4z%252BhZ4pm1L11UKYaBimF7vh839uxJBE%3D,,4-Bit Binary Full Adders With Fast Carry,Audio,DIL16,https://www.mouser.sg/ProductDetail/Mill-Max/110-13-316-41-801000?qs=WZeyYeqMOWd122xzWNZKKg%3D%3D,Top Copper
Integrated Circuits,U61,74LS283,https://www.mouser.sg/ProductDetail/Texas-Instruments/SN74LS283NE4?qs=sGAEpiMZZMuV4z%252BhZ4pm1L11UKYaBimF7vh839uxJBE%3D,,4-Bit Binary Full Adders With Fast Carry,Audio,DIL16,https://www.mouser.sg/ProductDetail/Mill-Max/110-13-316-41-801000?qs=WZeyYeqMOWd122xzWNZKKg%3D%3D,Top Copper
Integrated Circuits,U62,74LS283,https://www.mouser.sg/ProductDetail/Texas-Instruments/SN74LS283NE4?qs=sGAEpiMZZMuV4z%252BhZ4pm1L11UKYaBimF7vh839uxJBE%3D,,4-Bit Binary Full Adders With Fast Carry,Audio,DIL16,https://www.mouser.sg/ProductDetail/Mill-Max/110-13-316-41-801000?qs=WZeyYeqMOWd122xzWNZKKg%3D%3D,Top Copper
Integrated Circuits,U63,74LS245,https://www.mouser.sg/ProductDetail/Texas-Instruments/SN74LS245NE4?qs=sGAEpiMZZMs9F6aVvY09bhwfQrNqig7qIcn1fgzui%2FY%3D,,Octal Bus Transceivers With Tristate Outputs,Audio,DIL20,https://www.mouser.sg/ProductDetail/Mill-Max/110-43-320-41-801000?qs=RC2ne4458IKe5rHuueYA%2FA%3D%3D,Top Copper
Integrated Circuits,U64,74LS245,https://www.mouser.sg/ProductDetail/Texas-Instruments/SN74LS245NE4?qs=sGAEpiMZZMs9F6aVvY09bhwfQrNqig7qIcn1fgzui%2FY%3D,,Octal Bus Transceivers With Tristate Outputs,Audio,DIL20,https://www.mouser.sg/ProductDetail/Mill-Max/110-43-320-41-801000?qs=RC2ne4458IKe5rHuueYA%2FA%3D%3D,Top Copper
Integrated Circuits,U65,74LS245,https://www.mouser.sg/ProductDetail/Texas-Instruments/SN74LS245NE4?qs=sGAEpiMZZMs9F6aVvY09bhwfQrNqig7qIcn1fgzui%2FY%3D,,Octal Bus Transceivers With Tristate Outputs,Audio,DIL20,https://www.mouser.sg/ProductDetail/Mill-Max/110-43-320-41-801000?qs=RC2ne4458IKe5rHuueYA%2FA%3D%3D,Top Copper
Integrated Circuits,U66,74LS245,https://www.mouser.sg/ProductDetail/Texas-Instruments/SN74LS245NE4?qs=sGAEpiMZZMs9F6aVvY09bhwfQrNqig7qIcn1fgzui%2FY%3D,,Octal Bus Transceivers With Tristate Outputs,Audio,DIL20,https://www.mouser.sg/ProductDetail/Mill-Max/110-43-320-41-801000?qs=RC2ne4458IKe5rHuueYA%2FA%3D%3D,Top Copper
Integrated Circuits,U67,74LS245,https://www.mouser.sg/ProductDetail/Texas-Instruments/SN74LS245NE4?qs=sGAEpiMZZMs9F6aVvY09bhwfQrNqig7qIcn1fgzui%2FY%3D,,Octal Bus Transceivers With Tristate Outputs,Audio,DIL20,https://www.mouser.sg/ProductDetail/Mill-Max/110-43-320-41-801000?qs=RC2ne4458IKe5rHuueYA%2FA%3D%3D,Top Copper
Integrated Circuits,U68,74LS245,https://www.mouser.sg/ProductDetail/Texas-Instruments/SN74LS245NE4?qs=sGAEpiMZZMs9F6aVvY09bhwfQrNqig7qIcn1fgzui%2FY%3D,,Octal Bus Transceivers With Tristate Outputs,Audio,DIL20,https://www.mouser.sg/ProductDetail/Mill-Max/110-43-320-41-801000?qs=RC2ne4458IKe5rHuueYA%2FA%3D%3D,Top Copper
Integrated Circuits,U69,74LS245,https://www.mouser.sg/ProductDetail/Texas-Instruments/SN74LS245NE4?qs=sGAEpiMZZMs9F6aVvY09bhwfQrNqig7qIcn1fgzui%2FY%3D,,Octal Bus Transceivers With Tristate Outputs,Audio,DIL20,https://www.mouser.sg/ProductDetail/Mill-Max/110-43-320-41-801000?qs=RC2ne4458IKe5rHuueYA%2FA%3D%3D,Top Copper
Integrated Circuits,U70,74LS245,https://www.mouser.sg/ProductDetail/Texas-Instruments/SN74LS245NE4?qs=sGAEpiMZZMs9F6aVvY09bhwfQrNqig7qIcn1fgzui%2FY%3D,,Octal Bus Transceivers With Tristate Outputs,Audio,DIL20,https://www.mouser.sg/ProductDetail/Mill-Max/110-43-320-41-801000?qs=RC2ne4458IKe5rHuueYA%2FA%3D%3D,Top Copper
Integrated Circuits,U71,7432,https://www.mouser.sg/ProductDetail/Texas-Instruments/SN74LS32NE4?qs=sGAEpiMZZMtMa9lbYwD6ZGuuqVaqkGmO7x4PfQeTHF4%3D,,Quad 2-input positive-OR gates,Audio,DIL14,https://www.mouser.sg/ProductDetail/Mill-Max/110-93-314-41-801000?qs=%2Fha2pyFaduiAoJI%252BFT3Un6AU4u1EPWQWyNo%252BHzE50tJ%252B9XjMyXXSECwGDt8yOlKj,Top Copper
Integrated Circuits,U72,74HC138,https://www.mouser.sg/ProductDetail/Texas-Instruments/SN74LS138NE4?qs=sGAEpiMZZMtxONTBFIcRfk9GpaUoLd0ck0Ao35GjMhY%3D,,3-Line to 8-Line Decoders/Demultiplexers,Audio,DIL16,https://www.mouser.sg/ProductDetail/Mill-Max/110-13-316-41-801000?qs=WZeyYeqMOWd122xzWNZKKg%3D%3D,Top Copper
Integrated Circuits,U73,27C512,https://www.mouser.sg/ProductDetail/Microchip-Technology-Atmel/AT27C512R-45PU?qs=lURXKZrvvXf%252BnkLdiQBKDQ%3D%3D,,CMOS 512kbit (64KB X 8) UV EPROM,Audio,DIL28,https://www.mouser.sg/ProductDetail/Mill-Max/110-13-628-41-801000?qs=%2Fha2pyFaduj2Vn9jTBaNkbbuPoiuMRTWeD8fU3A14YCfUCD0%252BtDLsfAVe9w3OSTn,Top Copper
Integrated Circuits,U74,74157,https://www.mouser.sg/ProductDetail/Texas-Instruments/SN74LS157NE4?qs=sGAEpiMZZMtxONTBFIcRfk9GpaUoLd0cMjAQzUGo2HI%3D,,Quadruple 1-of-2 Data Selectors/Multiplexers,Audio,DIL16,https://www.mouser.sg/ProductDetail/Mill-Max/110-13-316-41-801000?qs=WZeyYeqMOWd122xzWNZKKg%3D%3D,Top Copper
Integrated Circuits,U75,74157,https://www.mouser.sg/ProductDetail/Texas-Instruments/SN74LS157NE4?qs=sGAEpiMZZMtxONTBFIcRfk9GpaUoLd0cMjAQzUGo2HI%3D,,Quadruple 1-of-2 Data Selectors/Multiplexers,Audio,DIL16,https://www.mouser.sg/ProductDetail/Mill-Max/110-13-316-41-801000?qs=WZeyYeqMOWd122xzWNZKKg%3D%3D,Top Copper
Integrated Circuits,U76,74S139,https://www.mouser.sg/ProductDetail/Texas-Instruments/SN74LS139AN?qs=sGAEpiMZZMtxONTBFIcRfpKvrGTByBdi%2FBZhV6RAyCA%3D,,Dual 2-Line to 4-Line Decoders/Demultiplexers,Audio,DIL16,https://www.mouser.sg/ProductDetail/Mill-Max/110-13-316-41-801000?qs=WZeyYeqMOWd122xzWNZKKg%3D%3D,Top Copper
Integrated Circuits,U77,74S374,https://www.mouser.sg/ProductDetail/Texas-Instruments/SN74LS374NE4?qs=SL3LIuy2dWwBzzpDJsDv8A%3D%3D,,Octal D-Type Edge Triggered Flip-Flops with Tristate Outputs,Audio,DIL20,https://www.mouser.sg/ProductDetail/Mill-Max/110-43-320-41-801000?qs=RC2ne4458IKe5rHuueYA%2FA%3D%3D,Top Copper
Integrated Circuits,U78,74S374,https://www.mouser.sg/ProductDetail/Texas-Instruments/SN74LS374NE4?qs=SL3LIuy2dWwBzzpDJsDv8A%3D%3D,,Octal D-Type Edge Triggered Flip-Flops with Tristate Outputs,Audio,DIL20,https://www.mouser.sg/ProductDetail/Mill-Max/110-43-320-41-801000?qs=RC2ne4458IKe5rHuueYA%2FA%3D%3D,Top Copper
Integrated Circuits,U79,74S374,https://www.mouser.sg/ProductDetail/Texas-Instruments/SN74LS374NE4?qs=SL3LIuy2dWwBzzpDJsDv8A%3D%3D,,Octal D-Type Edge Triggered Flip-Flops with Tristate Outputs,Audio,DIL20,https://www.mouser.sg/ProductDetail/Mill-Max/110-43-320-41-801000?qs=RC2ne4458IKe5rHuueYA%2FA%3D%3D,Top Copper
Integrated Circuits,U80,74S374,https://www.mouser.sg/ProductDetail/Texas-Instruments/SN74LS374NE4?qs=SL3LIuy2dWwBzzpDJsDv8A%3D%3D,,Octal D-Type Edge Triggered Flip-Flops with Tristate Outputs,Audio,DIL20,https://www.mouser.sg/ProductDetail/Mill-Max/110-43-320-41-801000?qs=RC2ne4458IKe5rHuueYA%2FA%3D%3D,Top Copper
Integrated Circuits,U81,27C512,https://www.mouser.sg/ProductDetail/Microchip-Technology-Atmel/AT27C512R-45PU?qs=lURXKZrvvXf%252BnkLdiQBKDQ%3D%3D,,CMOS 512kbit (64KB X 8) UV EPROM,Audio,DIL28,https://www.mouser.sg/ProductDetail/Mill-Max/110-13-628-41-801000?qs=%2Fha2pyFaduj2Vn9jTBaNkbbuPoiuMRTWeD8fU3A14YCfUCD0%252BtDLsfAVe9w3OSTn,Top Copper
Integrated Circuits,U82,27C512,https://www.mouser.sg/ProductDetail/Microchip-Technology-Atmel/AT27C512R-45PU?qs=lURXKZrvvXf%252BnkLdiQBKDQ%3D%3D,,CMOS 512kbit (64KB X 8) UV EPROM,Audio,DIL28,https://www.mouser.sg/ProductDetail/Mill-Max/110-13-628-41-801000?qs=%2Fha2pyFaduj2Vn9jTBaNkbbuPoiuMRTWeD8fU3A14YCfUCD0%252BtDLsfAVe9w3OSTn,Top Copper
Integrated Circuits,U83,74273,https://www.mouser.sg/ProductDetail/Texas-Instruments/SN74LS273NE4?qs=sGAEpiMZZMvxP%252Bvr8KwMwF73%2FSEETFlcw32YC66%252Bjxg%3D,,Octal D-Type Positive-Edge-Triggered Flip-Flops With Clear,Audio,DIL20,https://www.mouser.sg/ProductDetail/Mill-Max/110-43-320-41-801000?qs=RC2ne4458IKe5rHuueYA%2FA%3D%3D,Top Copper
Integrated Circuits,U84,74273,https://www.mouser.sg/ProductDetail/Texas-Instruments/SN74LS273NE4?qs=sGAEpiMZZMvxP%252Bvr8KwMwF73%2FSEETFlcw32YC66%252Bjxg%3D,,Octal D-Type Positive-Edge-Triggered Flip-Flops With Clear,Audio,DIL20,https://www.mouser.sg/ProductDetail/Mill-Max/110-43-320-41-801000?qs=RC2ne4458IKe5rHuueYA%2FA%3D%3D,Top Copper
Integrated Circuits,U85,74S374,https://www.mouser.sg/ProductDetail/Texas-Instruments/SN74LS374NE4?qs=SL3LIuy2dWwBzzpDJsDv8A%3D%3D,,Octal D-Type Edge Triggered Flip-Flops with Tristate Outputs,Audio,DIL20,https://www.mouser.sg/ProductDetail/Mill-Max/110-43-320-41-801000?qs=RC2ne4458IKe5rHuueYA%2FA%3D%3D,Top Copper
Integrated Circuits,U86,74273,https://www.mouser.sg/ProductDetail/Texas-Instruments/SN74LS273NE4?qs=sGAEpiMZZMvxP%252Bvr8KwMwF73%2FSEETFlcw32YC66%252Bjxg%3D,,Octal D-Type Positive-Edge-Triggered Flip-Flops With Clear,Audio,DIL20,https://www.mouser.sg/ProductDetail/Mill-Max/110-43-320-41-801000?qs=RC2ne4458IKe5rHuueYA%2FA%3D%3D,Top Copper
Integrated Circuits,U87,74LS283,https://www.mouser.sg/ProductDetail/Texas-Instruments/SN74LS283NE4?qs=sGAEpiMZZMuV4z%252BhZ4pm1L11UKYaBimF7vh839uxJBE%3D,,4-Bit Binary Full Adders With Fast Carry,Audio,DIL16,https://www.mouser.sg/ProductDetail/Mill-Max/110-13-316-41-801000?qs=WZeyYeqMOWd122xzWNZKKg%3D%3D,Top Copper
Integrated Circuits,U88,74273,https://www.mouser.sg/ProductDetail/Texas-Instruments/SN74LS273NE4?qs=sGAEpiMZZMvxP%252Bvr8KwMwF73%2FSEETFlcw32YC66%252Bjxg%3D,S$0.90,Octal D-Type Positive-Edge-Triggered Flip-Flops With Clear,Audio,DIL20,https://www.mouser.sg/ProductDetail/Mill-Max/110-43-320-41-801000?qs=RC2ne4458IKe5rHuueYA%2FA%3D%3D,Top Copper
Integrated Circuits,U89,74273,https://www.mouser.sg/ProductDetail/Texas-Instruments/SN74LS273NE4?qs=sGAEpiMZZMvxP%252Bvr8KwMwF73%2FSEETFlcw32YC66%252Bjxg%3D,S$0.90,Octal D-Type Positive-Edge-Triggered Flip-Flops With Clear,Audio,DIL20,https://www.mouser.sg/ProductDetail/Mill-Max/110-43-320-41-801000?qs=RC2ne4458IKe5rHuueYA%2FA%3D%3D,Top Copper
Integrated Circuits,U90,74LS283,https://www.mouser.sg/ProductDetail/Texas-Instruments/SN74LS283NE4?qs=sGAEpiMZZMuV4z%252BhZ4pm1L11UKYaBimF7vh839uxJBE%3D,,4-Bit Binary Full Adders With Fast Carry,Audio,DIL16,https://www.mouser.sg/ProductDetail/Mill-Max/110-13-316-41-801000?qs=WZeyYeqMOWd122xzWNZKKg%3D%3D,Top Copper
Integrated Circuits,U91,7432,https://www.mouser.sg/ProductDetail/Texas-Instruments/SN74LS32NE4?qs=sGAEpiMZZMtMa9lbYwD6ZGuuqVaqkGmO7x4PfQeTHF4%3D,S$0.87,Quad 2-input positive-OR gates,Audio,DIL16,https://www.mouser.sg/ProductDetail/Mill-Max/110-13-316-41-801000?qs=WZeyYeqMOWd122xzWNZKKg%3D%3D,Top Copper
Integrated Circuits,U92,74LS283,https://www.mouser.sg/ProductDetail/Texas-Instruments/SN74LS283NE4?qs=sGAEpiMZZMuV4z%252BhZ4pm1L11UKYaBimF7vh839uxJBE%3D,,4-Bit Binary Full Adders With Fast Carry,Audio,DIL16,https://www.mouser.sg/ProductDetail/Mill-Max/110-13-316-41-801000?qs=WZeyYeqMOWd122xzWNZKKg%3D%3D,Top Copper
Integrated Circuits,U93,74LS283,https://www.mouser.sg/ProductDetail/Texas-Instruments/SN74LS283NE4?qs=sGAEpiMZZMuV4z%252BhZ4pm1L11UKYaBimF7vh839uxJBE%3D,,4-Bit Binary Full Adders With Fast Carry,Audio,DIL16,https://www.mouser.sg/ProductDetail/Mill-Max/110-13-316-41-801000?qs=WZeyYeqMOWd122xzWNZKKg%3D%3D,Top Copper
Integrated Circuits,U94,74LS283,https://www.mouser.sg/ProductDetail/Texas-Instruments/SN74LS283NE4?qs=sGAEpiMZZMuV4z%252BhZ4pm1L11UKYaBimF7vh839uxJBE%3D,,4-Bit Binary Full Adders With Fast Carry,Audio,DIL16,https://www.mouser.sg/ProductDetail/Mill-Max/110-13-316-41-801000?qs=WZeyYeqMOWd122xzWNZKKg%3D%3D,Top Copper
Integrated Circuits,U95,74LS283,https://www.mouser.sg/ProductDetail/Texas-Instruments/SN74LS283NE4?qs=sGAEpiMZZMuV4z%252BhZ4pm1L11UKYaBimF7vh839uxJBE%3D,,4-Bit Binary Full Adders With Fast Carry,Audio,DIL16,https://www.mouser.sg/ProductDetail/Mill-Max/110-13-316-41-801000?qs=WZeyYeqMOWd122xzWNZKKg%3D%3D,Top Copper
Integrated Circuits,U96,74LS283,https://www.mouser.sg/ProductDetail/Texas-Instruments/SN74LS283NE4?qs=sGAEpiMZZMuV4z%252BhZ4pm1L11UKYaBimF7vh839uxJBE%3D,,4-Bit Binary Full Adders With Fast Carry,Audio,DIL16,https://www.mouser.sg/ProductDetail/Mill-Max/110-13-316-41-801000?qs=WZeyYeqMOWd122xzWNZKKg%3D%3D,Top Copper
Integrated Circuits,U97,7474,https://www.mouser.sg/ProductDetail/Texas-Instruments/SN74LS74ANE4?qs=%2Fha2pyFaduisezm8rmvWidBAnd8e%2F0Kj57shzdZeHHc%3D,,Dual Positive-Edge-Triggered D-Type Flip-Flops With Clear And Preset,Audio,DIL14,https://www.mouser.sg/ProductDetail/Mill-Max/110-93-314-41-801000?qs=%2Fha2pyFaduiAoJI%252BFT3Un6AU4u1EPWQWyNo%252BHzE50tJ%252B9XjMyXXSECwGDt8yOlKj,Top Copper
Integrated Circuits,U98,74273,https://www.mouser.sg/ProductDetail/Texas-Instruments/SN74LS273NE4?qs=sGAEpiMZZMvxP%252Bvr8KwMwF73%2FSEETFlcw32YC66%252Bjxg%3D,S$0.90,Octal D-Type Positive-Edge-Triggered Flip-Flops With Clear,Audio,DIL20,https://www.mouser.sg/ProductDetail/Mill-Max/110-43-320-41-801000?qs=RC2ne4458IKe5rHuueYA%2FA%3D%3D,Top Copper
Integrated Circuits,U99,74273,https://www.mouser.sg/ProductDetail/Texas-Instruments/SN74LS273NE4?qs=sGAEpiMZZMvxP%252Bvr8KwMwF73%2FSEETFlcw32YC66%252Bjxg%3D,S$0.90,Octal D-Type Positive-Edge-Triggered Flip-Flops With Clear,Audio,DIL20,https://www.mouser.sg/ProductDetail/Mill-Max/110-43-320-41-801000?qs=RC2ne4458IKe5rHuueYA%2FA%3D%3D,Top Copper
Integrated Circuits,U100,74273,https://www.mouser.sg/ProductDetail/Texas-Instruments/SN74LS273NE4?qs=sGAEpiMZZMvxP%252Bvr8KwMwF73%2FSEETFlcw32YC66%252Bjxg%3D,S$0.90,Octal D-Type Positive-Edge-Triggered Flip-Flops With Clear,Audio,DIL20,https://www.mouser.sg/ProductDetail/Mill-Max/110-43-320-41-801000?qs=RC2ne4458IKe5rHuueYA%2FA%3D%3D,Top Copper
Integrated Circuits,U101,74273,https://www.mouser.sg/ProductDetail/Texas-Instruments/SN74LS273NE4?qs=sGAEpiMZZMvxP%252Bvr8KwMwF73%2FSEETFlcw32YC66%252Bjxg%3D,S$0.90,Octal D-Type Positive-Edge-Triggered Flip-Flops With Clear,Audio,DIL20,https://www.mouser.sg/ProductDetail/Mill-Max/110-43-320-41-801000?qs=RC2ne4458IKe5rHuueYA%2FA%3D%3D,Top Copper
Integrated Circuits,U102,74157,https://www.mouser.sg/ProductDetail/Texas-Instruments/SN74LS157NE4?qs=sGAEpiMZZMtxONTBFIcRfk9GpaUoLd0cMjAQzUGo2HI%3D,,Quadruple 1-of-2 Data Selectors/Multiplexers,Audio,DIL16,https://www.mouser.sg/ProductDetail/Mill-Max/110-13-316-41-801000?qs=WZeyYeqMOWd122xzWNZKKg%3D%3D,Top Copper
Integrated Circuits,U103,74157,https://www.mouser.sg/ProductDetail/Texas-Instruments/SN74LS157NE4?qs=sGAEpiMZZMtxONTBFIcRfk9GpaUoLd0cMjAQzUGo2HI%3D,,Quadruple 1-of-2 Data Selectors/Multiplexers,Audio,DIL16,https://www.mouser.sg/ProductDetail/Mill-Max/110-13-316-41-801000?qs=WZeyYeqMOWd122xzWNZKKg%3D%3D,Top Copper
Integrated Circuits,U104,74157,https://www.mouser.sg/ProductDetail/Texas-Instruments/SN74LS157NE4?qs=sGAEpiMZZMtxONTBFIcRfk9GpaUoLd0cMjAQzUGo2HI%3D,,Quadruple 1-of-2 Data Selectors/Multiplexers,Audio,DIL16,https://www.mouser.sg/ProductDetail/Mill-Max/110-13-316-41-801000?qs=WZeyYeqMOWd122xzWNZKKg%3D%3D,Top Copper
Integrated Circuits,U105,74157,https://www.mouser.sg/ProductDetail/Texas-Instruments/SN74LS157NE4?qs=sGAEpiMZZMtxONTBFIcRfk9GpaUoLd0cMjAQzUGo2HI%3D,,Quadruple 1-of-2 Data Selectors/Multiplexers,Audio,DIL16,https://www.mouser.sg/ProductDetail/Mill-Max/110-13-316-41-801000?qs=WZeyYeqMOWd122xzWNZKKg%3D%3D,Top Copper
Integrated Circuits,U106,7485,https://www.mouser.sg/ProductDetail/Texas-Instruments/SN74LS85N?qs=%2Fha2pyFadujWUs9azztjOlpLCPvFTfozqJRbtmiwunU%3D,,4-Bit Magnitude Comparator,Audio,DIL16,https://www.mouser.sg/ProductDetail/Mill-Max/110-13-316-41-801000?qs=WZeyYeqMOWd122xzWNZKKg%3D%3D,Top Copper
Integrated Circuits,U107,7485,https://www.mouser.sg/ProductDetail/Texas-Instruments/SN74LS85N?qs=%2Fha2pyFadujWUs9azztjOlpLCPvFTfozqJRbtmiwunU%3D,,4-Bit Magnitude Comparator,Audio,DIL16,https://www.mouser.sg/ProductDetail/Mill-Max/110-13-316-41-801000?qs=WZeyYeqMOWd122xzWNZKKg%3D%3D,Top Copper
Integrated Circuits,U108,7485,https://www.mouser.sg/ProductDetail/Texas-Instruments/SN74LS85N?qs=%2Fha2pyFadujWUs9azztjOlpLCPvFTfozqJRbtmiwunU%3D,,4-Bit Magnitude Comparator,Audio,DIL16,https://www.mouser.sg/ProductDetail/Mill-Max/110-13-316-41-801000?qs=WZeyYeqMOWd122xzWNZKKg%3D%3D,Top Copper
Integrated Circuits,U109,7485,https://www.mouser.sg/ProductDetail/Texas-Instruments/SN74LS85N?qs=%2Fha2pyFadujWUs9azztjOlpLCPvFTfozqJRbtmiwunU%3D,,4-Bit Magnitude Comparator,Audio,DIL16,https://www.mouser.sg/ProductDetail/Mill-Max/110-13-316-41-801000?qs=WZeyYeqMOWd122xzWNZKKg%3D%3D,Top Copper
Integrated Circuits,U110,7485,https://www.mouser.sg/ProductDetail/Texas-Instruments/SN74LS85N?qs=%2Fha2pyFadujWUs9azztjOlpLCPvFTfozqJRbtmiwunU%3D,,4-Bit Magnitude Comparator,Audio,DIL16,https://www.mouser.sg/ProductDetail/Mill-Max/110-13-316-41-801000?qs=WZeyYeqMOWd122xzWNZKKg%3D%3D,Top Copper
Integrated Circuits,U111,7408,https://www.mouser.sg/ProductDetail/Texas-Instruments/SN74LS08NE4?qs=sGAEpiMZZMtMa9lbYwD6ZGuuqVaqkGmOfW4A%252BAFGoNk%3D,,Quadruple 2-Input Positive-AND Gates,Audio,DIL14,https://www.mouser.sg/ProductDetail/Mill-Max/110-93-314-41-801000?qs=%2Fha2pyFaduiAoJI%252BFT3Un6AU4u1EPWQWyNo%252BHzE50tJ%252B9XjMyXXSECwGDt8yOlKj,Top Copper
Integrated Circuits,U112,7432,https://www.mouser.sg/ProductDetail/Texas-Instruments/SN74LS32NE4?qs=sGAEpiMZZMtMa9lbYwD6ZGuuqVaqkGmO7x4PfQeTHF4%3D,,Quad 2-input positive-OR gates,Audio,DIL14,https://www.mouser.sg/ProductDetail/Mill-Max/110-93-314-41-801000?qs=%2Fha2pyFaduiAoJI%252BFT3Un6AU4u1EPWQWyNo%252BHzE50tJ%252B9XjMyXXSECwGDt8yOlKj,Top Copper
Integrated Circuits,U113,74S374,https://www.mouser.sg/ProductDetail/Texas-Instruments/SN74LS374NE4?qs=SL3LIuy2dWwBzzpDJsDv8A%3D%3D,,Octal D-Type Edge Triggered Flip-Flops with Tristate Outputs,Audio,DIL20,https://www.mouser.sg/ProductDetail/Mill-Max/110-43-320-41-801000?qs=RC2ne4458IKe5rHuueYA%2FA%3D%3D,Top Copper
Integrated Circuits,U114,74S374,https://www.mouser.sg/ProductDetail/Texas-Instruments/SN74LS374NE4?qs=SL3LIuy2dWwBzzpDJsDv8A%3D%3D,,Octal D-Type Edge Triggered Flip-Flops with Tristate Outputs,Audio,DIL20,https://www.mouser.sg/ProductDetail/Mill-Max/110-43-320-41-801000?qs=RC2ne4458IKe5rHuueYA%2FA%3D%3D,Top Copper
Integrated Circuits,U115,74S374,https://www.mouser.sg/ProductDetail/Texas-Instruments/SN74LS374NE4?qs=SL3LIuy2dWwBzzpDJsDv8A%3D%3D,,Octal D-Type Edge Triggered Flip-Flops with Tristate Outputs,Audio,DIL20,https://www.mouser.sg/ProductDetail/Mill-Max/110-43-320-41-801000?qs=RC2ne4458IKe5rHuueYA%2FA%3D%3D,Top Copper
Integrated Circuits,U116,74S374,https://www.mouser.sg/ProductDetail/Texas-Instruments/SN74LS374NE4?qs=SL3LIuy2dWwBzzpDJsDv8A%3D%3D,,Octal D-Type Edge Triggered Flip-Flops with Tristate Outputs,Audio,DIL20,https://www.mouser.sg/ProductDetail/Mill-Max/110-43-320-41-801000?qs=RC2ne4458IKe5rHuueYA%2FA%3D%3D,Top Copper
Integrated Circuits,U117,74LS373,https://www.mouser.sg/ProductDetail/Texas-Instruments/SN74LS373NE4?qs=sGAEpiMZZMu2QtOrmdJ1%2FRPDYI7IXkrB2H7gdWq7qaw%3D,,Octal D-Type Transparent Latches with 3-state Outputs,Audio,DIL20,https://www.mouser.sg/ProductDetail/Mill-Max/110-43-320-41-801000?qs=RC2ne4458IKe5rHuueYA%2FA%3D%3D,Top Copper
Integrated Circuits,U118,74LS373,https://www.mouser.sg/ProductDetail/Texas-Instruments/SN74LS373NE4?qs=sGAEpiMZZMu2QtOrmdJ1%2FRPDYI7IXkrB2H7gdWq7qaw%3D,,Octal D-Type Transparent Latches with 3-state Outputs,Audio,DIL20,https://www.mouser.sg/ProductDetail/Mill-Max/110-43-320-41-801000?qs=RC2ne4458IKe5rHuueYA%2FA%3D%3D,Top Copper
Integrated Circuits,U119,74S374,https://www.mouser.sg/ProductDetail/Texas-Instruments/SN74LS374NE4?qs=SL3LIuy2dWwBzzpDJsDv8A%3D%3D,,Octal D-Type Edge Triggered Flip-Flops with Tristate Outputs,Audio,DIL20,https://www.mouser.sg/ProductDetail/Mill-Max/110-43-320-41-801000?qs=RC2ne4458IKe5rHuueYA%2FA%3D%3D,Top Copper
Integrated Circuits,U120,7432,https://www.mouser.sg/ProductDetail/Texas-Instruments/SN74LS32NE4?qs=sGAEpiMZZMtMa9lbYwD6ZGuuqVaqkGmO7x4PfQeTHF4%3D,,Quad 2-input positive-OR gates,Audio,DIL14,https://www.mouser.sg/ProductDetail/Mill-Max/110-93-314-41-801000?qs=%2Fha2pyFaduiAoJI%252BFT3Un6AU4u1EPWQWyNo%252BHzE50tJ%252B9XjMyXXSECwGDt8yOlKj,Top Copper
Integrated Circuits,U121,7427,https://www.mouser.sg/ProductDetail/Texas-Instruments/SN74LS27N?qs=sGAEpiMZZMutXGli8Ay4kP28D9wZ8SQIwsPDjIqEADE%3D,,Triple 3-Input Positive NOR Gates,Audio,DIL14,https://www.mouser.sg/ProductDetail/Mill-Max/110-93-314-41-801000?qs=%2Fha2pyFaduiAoJI%252BFT3Un6AU4u1EPWQWyNo%252BHzE50tJ%252B9XjMyXXSECwGDt8yOlKj,Top Copper
Integrated Circuits,U122,7404,https://www.mouser.sg/ProductDetail/Texas-Instruments/SN74LS04NE4?qs=sGAEpiMZZMutVWjHE%2FYQw8FcJMyir0Lqzet%252BOgibJRs%3D,,Hex Inverters,Audio,DIL14,https://www.mouser.sg/ProductDetail/Mill-Max/110-93-314-41-801000?qs=%2Fha2pyFaduiAoJI%252BFT3Un6AU4u1EPWQWyNo%252BHzE50tJ%252B9XjMyXXSECwGDt8yOlKj,Top Copper
Integrated Circuits,U123,74LS20,https://www.mouser.sg/ProductDetail/Texas-Instruments/SN74LS20NE4?qs=SL3LIuy2dWy4R7Pu4ZGI8g%3D%3D,,Dual 4-Input Positive-NAND Gates,Audio,DIL14,https://www.mouser.sg/ProductDetail/Mill-Max/110-93-314-41-801000?qs=%2Fha2pyFaduiAoJI%252BFT3Un6AU4u1EPWQWyNo%252BHzE50tJ%252B9XjMyXXSECwGDt8yOlKj,Top Copper
Integrated Circuits,U124,74273,https://www.mouser.sg/ProductDetail/Texas-Instruments/SN74LS273NE4?qs=sGAEpiMZZMvxP%252Bvr8KwMwF73%2FSEETFlcw32YC66%252Bjxg%3D,,Octal D-Type Positive-Edge-Triggered Flip-Flops With Clear,Audio,DIL20,https://www.mouser.sg/ProductDetail/Mill-Max/110-43-320-41-801000?qs=RC2ne4458IKe5rHuueYA%2FA%3D%3D,Top Copper
Integrated Circuits,U125,74273,https://www.mouser.sg/ProductDetail/Texas-Instruments/SN74LS273NE4?qs=sGAEpiMZZMvxP%252Bvr8KwMwF73%2FSEETFlcw32YC66%252Bjxg%3D,,Octal D-Type Positive-Edge-Triggered Flip-Flops With Clear,Audio,DIL20,https://www.mouser.sg/ProductDetail/Mill-Max/110-43-320-41-801000?qs=RC2ne4458IKe5rHuueYA%2FA%3D%3D,Top Copper
Integrated Circuits,U126,74273,https://www.mouser.sg/ProductDetail/Texas-Instruments/SN74LS273NE4?qs=sGAEpiMZZMvxP%252Bvr8KwMwF73%2FSEETFlcw32YC66%252Bjxg%3D,,Octal D-Type Positive-Edge-Triggered Flip-Flops With Clear,Audio,DIL20,https://www.mouser.sg/ProductDetail/Mill-Max/110-43-320-41-801000?qs=RC2ne4458IKe5rHuueYA%2FA%3D%3D,Top Copper
Integrated Circuits,U127,74273,https://www.mouser.sg/ProductDetail/Texas-Instruments/SN74LS273NE4?qs=sGAEpiMZZMvxP%252Bvr8KwMwF73%2FSEETFlcw32YC66%252Bjxg%3D,,Octal D-Type Positive-Edge-Triggered Flip-Flops With Clear,Audio,DIL20,https://www.mouser.sg/ProductDetail/Mill-Max/110-43-320-41-801000?qs=RC2ne4458IKe5rHuueYA%2FA%3D%3D,Top Copper
Integrated Circuits,U128,74LS283,https://www.mouser.sg/ProductDetail/Texas-Instruments/SN74LS283NE4?qs=sGAEpiMZZMuV4z%252BhZ4pm1L11UKYaBimF7vh839uxJBE%3D,,4-Bit Binary Full Adders With Fast Carry,Audio,DIL16,https://www.mouser.sg/ProductDetail/Mill-Max/110-13-316-41-801000?qs=WZeyYeqMOWd122xzWNZKKg%3D%3D,Top Copper
Integrated Circuits,U129,74273,https://www.mouser.sg/ProductDetail/Texas-Instruments/SN74LS273NE4?qs=sGAEpiMZZMvxP%252Bvr8KwMwF73%2FSEETFlcw32YC66%252Bjxg%3D,S$0.90,Octal D-Type Positive-Edge-Triggered Flip-Flops With Clear,Audio,DIL20,https://www.mouser.sg/ProductDetail/Mill-Max/110-43-320-41-801000?qs=RC2ne4458IKe5rHuueYA%2FA%3D%3D,Top Copper
Integrated Circuits,U130,74273,https://www.mouser.sg/ProductDetail/Texas-Instruments/SN74LS273NE4?qs=sGAEpiMZZMvxP%252Bvr8KwMwF73%2FSEETFlcw32YC66%252Bjxg%3D,S$0.90,Octal D-Type Positive-Edge-Triggered Flip-Flops With Clear,Audio,DIL20,https://www.mouser.sg/ProductDetail/Mill-Max/110-43-320-41-801000?qs=RC2ne4458IKe5rHuueYA%2FA%3D%3D,Top Copper
Integrated Circuits,U131,74LS283,https://www.mouser.sg/ProductDetail/Texas-Instruments/SN74LS283NE4?qs=sGAEpiMZZMuV4z%252BhZ4pm1L11UKYaBimF7vh839uxJBE%3D,,4-Bit Binary Full Adders With Fast Carry,Audio,DIL16,https://www.mouser.sg/ProductDetail/Mill-Max/110-13-316-41-801000?qs=WZeyYeqMOWd122xzWNZKKg%3D%3D,Top Copper
Integrated Circuits,U132,74LS283,https://www.mouser.sg/ProductDetail/Texas-Instruments/SN74LS283NE4?qs=sGAEpiMZZMuV4z%252BhZ4pm1L11UKYaBimF7vh839uxJBE%3D,,4-Bit Binary Full Adders With Fast Carry,Audio,DIL16,https://www.mouser.sg/ProductDetail/Mill-Max/110-13-316-41-801000?qs=WZeyYeqMOWd122xzWNZKKg%3D%3D,Top Copper
Integrated Circuits,U133,74LS283,https://www.mouser.sg/ProductDetail/Texas-Instruments/SN74LS283NE4?qs=sGAEpiMZZMuV4z%252BhZ4pm1L11UKYaBimF7vh839uxJBE%3D,,4-Bit Binary Full Adders With Fast Carry,Audio,DIL16,https://www.mouser.sg/ProductDetail/Mill-Max/110-13-316-41-801000?qs=WZeyYeqMOWd122xzWNZKKg%3D%3D,Top Copper
Integrated Circuits,U134,74LS283,https://www.mouser.sg/ProductDetail/Texas-Instruments/SN74LS283NE4?qs=sGAEpiMZZMuV4z%252BhZ4pm1L11UKYaBimF7vh839uxJBE%3D,,4-Bit Binary Full Adders With Fast Carry,Audio,DIL16,https://www.mouser.sg/ProductDetail/Mill-Max/110-13-316-41-801000?qs=WZeyYeqMOWd122xzWNZKKg%3D%3D,Top Copper
Integrated Circuits,U135,74LS283,https://www.mouser.sg/ProductDetail/Texas-Instruments/SN74LS283NE4?qs=sGAEpiMZZMuV4z%252BhZ4pm1L11UKYaBimF7vh839uxJBE%3D,,4-Bit Binary Full Adders With Fast Carry,Audio,DIL16,https://www.mouser.sg/ProductDetail/Mill-Max/110-13-316-41-801000?qs=WZeyYeqMOWd122xzWNZKKg%3D%3D,Top Copper
Integrated Circuits,U136,74LS283,https://www.mouser.sg/ProductDetail/Texas-Instruments/SN74LS283NE4?qs=sGAEpiMZZMuV4z%252BhZ4pm1L11UKYaBimF7vh839uxJBE%3D,,4-Bit Binary Full Adders With Fast Carry,Audio,DIL16,https://www.mouser.sg/ProductDetail/Mill-Max/110-13-316-41-801000?qs=WZeyYeqMOWd122xzWNZKKg%3D%3D,Top Copper
Integrated Circuits,U137,7474,https://www.mouser.sg/ProductDetail/Texas-Instruments/SN74LS74ANE4?qs=%2Fha2pyFaduisezm8rmvWidBAnd8e%2F0Kj57shzdZeHHc%3D,,Dual Positive-Edge-Triggered D-Type Flip-Flops With Clear And Preset,Audio,DIL14,https://www.mouser.sg/ProductDetail/Mill-Max/110-93-314-41-801000?qs=%2Fha2pyFaduiAoJI%252BFT3Un6AU4u1EPWQWyNo%252BHzE50tJ%252B9XjMyXXSECwGDt8yOlKj,Top Copper
Integrated Circuits,U138,74273,https://www.mouser.sg/ProductDetail/Texas-Instruments/SN74LS273NE4?qs=sGAEpiMZZMvxP%252Bvr8KwMwF73%2FSEETFlcw32YC66%252Bjxg%3D,S$0.90,Octal D-Type Positive-Edge-Triggered Flip-Flops With Clear,Audio,DIL20,https://www.mouser.sg/ProductDetail/Mill-Max/110-43-320-41-801000?qs=RC2ne4458IKe5rHuueYA%2FA%3D%3D,Top Copper
Integrated Circuits,U139,74273,https://www.mouser.sg/ProductDetail/Texas-Instruments/SN74LS273NE4?qs=sGAEpiMZZMvxP%252Bvr8KwMwF73%2FSEETFlcw32YC66%252Bjxg%3D,S$0.90,Octal D-Type Positive-Edge-Triggered Flip-Flops With Clear,Audio,DIL20,https://www.mouser.sg/ProductDetail/Mill-Max/110-43-320-41-801000?qs=RC2ne4458IKe5rHuueYA%2FA%3D%3D,Top Copper
Integrated Circuits,U140,74273,https://www.mouser.sg/ProductDetail/Texas-Instruments/SN74LS273NE4?qs=sGAEpiMZZMvxP%252Bvr8KwMwF73%2FSEETFlcw32YC66%252Bjxg%3D,S$0.90,Octal D-Type Positive-Edge-Triggered Flip-Flops With Clear,Audio,DIL20,https://www.mouser.sg/ProductDetail/Mill-Max/110-43-320-41-801000?qs=RC2ne4458IKe5rHuueYA%2FA%3D%3D,Top Copper
Integrated Circuits,U141,74273,https://www.mouser.sg/ProductDetail/Texas-Instruments/SN74LS273NE4?qs=sGAEpiMZZMvxP%252Bvr8KwMwF73%2FSEETFlcw32YC66%252Bjxg%3D,S$0.90,Octal D-Type Positive-Edge-Triggered Flip-Flops With Clear,Audio,DIL20,https://www.mouser.sg/ProductDetail/Mill-Max/110-43-320-41-801000?qs=RC2ne4458IKe5rHuueYA%2FA%3D%3D,Top Copper
Integrated Circuits,U142,74157,https://www.mouser.sg/ProductDetail/Texas-Instruments/SN74LS157NE4?qs=sGAEpiMZZMtxONTBFIcRfk9GpaUoLd0cMjAQzUGo2HI%3D,,Quadruple 1-of-2 Data Selectors/Multiplexers,Audio,DIL16,https://www.mouser.sg/ProductDetail/Mill-Max/110-13-316-41-801000?qs=WZeyYeqMOWd122xzWNZKKg%3D%3D,Top Copper
Integrated Circuits,U143,74157,https://www.mouser.sg/ProductDetail/Texas-Instruments/SN74LS157NE4?qs=sGAEpiMZZMtxONTBFIcRfk9GpaUoLd0cMjAQzUGo2HI%3D,,Quadruple 1-of-2 Data Selectors/Multiplexers,Audio,DIL16,https://www.mouser.sg/ProductDetail/Mill-Max/110-13-316-41-801000?qs=WZeyYeqMOWd122xzWNZKKg%3D%3D,Top Copper
Integrated Circuits,U144,74157,https://www.mouser.sg/ProductDetail/Texas-Instruments/SN74LS157NE4?qs=sGAEpiMZZMtxONTBFIcRfk9GpaUoLd0cMjAQzUGo2HI%3D,,Quadruple 1-of-2 Data Selectors/Multiplexers,Audio,DIL16,https://www.mouser.sg/ProductDetail/Mill-Max/110-13-316-41-801000?qs=WZeyYeqMOWd122xzWNZKKg%3D%3D,Top Copper
Integrated Circuits,U145,74157,https://www.mouser.sg/ProductDetail/Texas-Instruments/SN74LS157NE4?qs=sGAEpiMZZMtxONTBFIcRfk9GpaUoLd0cMjAQzUGo2HI%3D,,Quadruple 1-of-2 Data Selectors/Multiplexers,Audio,DIL16,https://www.mouser.sg/ProductDetail/Mill-Max/110-13-316-41-801000?qs=WZeyYeqMOWd122xzWNZKKg%3D%3D,Top Copper
Integrated Circuits,U146,7485,https://www.mouser.sg/ProductDetail/Texas-Instruments/SN74LS85N?qs=%2Fha2pyFadujWUs9azztjOlpLCPvFTfozqJRbtmiwunU%3D,,4-Bit Magnitude Comparator,Audio,DIL16,https://www.mouser.sg/ProductDetail/Mill-Max/110-13-316-41-801000?qs=WZeyYeqMOWd122xzWNZKKg%3D%3D,Top Copper
Integrated Circuits,U147,7485,https://www.mouser.sg/ProductDetail/Texas-Instruments/SN74LS85N?qs=%2Fha2pyFadujWUs9azztjOlpLCPvFTfozqJRbtmiwunU%3D,,4-Bit Magnitude Comparator,Audio,DIL16,https://www.mouser.sg/ProductDetail/Mill-Max/110-13-316-41-801000?qs=WZeyYeqMOWd122xzWNZKKg%3D%3D,Top Copper
Integrated Circuits,U148,7485,https://www.mouser.sg/ProductDetail/Texas-Instruments/SN74LS85N?qs=%2Fha2pyFadujWUs9azztjOlpLCPvFTfozqJRbtmiwunU%3D,,4-Bit Magnitude Comparator,Audio,DIL16,https://www.mouser.sg/ProductDetail/Mill-Max/110-13-316-41-801000?qs=WZeyYeqMOWd122xzWNZKKg%3D%3D,Top Copper
Integrated Circuits,U149,7485,https://www.mouser.sg/ProductDetail/Texas-Instruments/SN74LS85N?qs=%2Fha2pyFadujWUs9azztjOlpLCPvFTfozqJRbtmiwunU%3D,,4-Bit Magnitude Comparator,Audio,DIL16,https://www.mouser.sg/ProductDetail/Mill-Max/110-13-316-41-801000?qs=WZeyYeqMOWd122xzWNZKKg%3D%3D,Top Copper
Integrated Circuits,U150,7485,https://www.mouser.sg/ProductDetail/Texas-Instruments/SN74LS85N?qs=%2Fha2pyFadujWUs9azztjOlpLCPvFTfozqJRbtmiwunU%3D,,4-Bit Magnitude Comparator,Audio,DIL16,https://www.mouser.sg/ProductDetail/Mill-Max/110-13-316-41-801000?qs=WZeyYeqMOWd122xzWNZKKg%3D%3D,Top Copper
Integrated Circuits,U151,7408,https://www.mouser.sg/ProductDetail/Texas-Instruments/SN74LS08NE4?qs=sGAEpiMZZMtMa9lbYwD6ZGuuqVaqkGmOfW4A%252BAFGoNk%3D,,Quadruple 2-Input Positive-AND Gates,Audio,DIL14,https://www.mouser.sg/ProductDetail/Mill-Max/110-93-314-41-801000?qs=%2Fha2pyFaduiAoJI%252BFT3Un6AU4u1EPWQWyNo%252BHzE50tJ%252B9XjMyXXSECwGDt8yOlKj,Top Copper
Integrated Circuits,U152,7432,https://www.mouser.sg/ProductDetail/Texas-Instruments/SN74LS32NE4?qs=sGAEpiMZZMtMa9lbYwD6ZGuuqVaqkGmO7x4PfQeTHF4%3D,,Quad 2-input positive-OR gates,Audio,DIL14,https://www.mouser.sg/ProductDetail/Mill-Max/110-93-314-41-801000?qs=%2Fha2pyFaduiAoJI%252BFT3Un6AU4u1EPWQWyNo%252BHzE50tJ%252B9XjMyXXSECwGDt8yOlKj,Top Copper
Integrated Circuits,U153,74S374,https://www.mouser.sg/ProductDetail/Texas-Instruments/SN74LS374NE4?qs=SL3LIuy2dWwBzzpDJsDv8A%3D%3D,,Octal D-Type Edge Triggered Flip-Flops with Tristate Outputs,Audio,DIL20,https://www.mouser.sg/ProductDetail/Mill-Max/110-43-320-41-801000?qs=RC2ne4458IKe5rHuueYA%2FA%3D%3D,Top Copper
Integrated Circuits,U154,74S374,https://www.mouser.sg/ProductDetail/Texas-Instruments/SN74LS374NE4?qs=SL3LIuy2dWwBzzpDJsDv8A%3D%3D,,Octal D-Type Edge Triggered Flip-Flops with Tristate Outputs,Audio,DIL20,https://www.mouser.sg/ProductDetail/Mill-Max/110-43-320-41-801000?qs=RC2ne4458IKe5rHuueYA%2FA%3D%3D,Top Copper
Integrated Circuits,U155,74S374,https://www.mouser.sg/ProductDetail/Texas-Instruments/SN74LS374NE4?qs=SL3LIuy2dWwBzzpDJsDv8A%3D%3D,,Octal D-Type Edge Triggered Flip-Flops with Tristate Outputs,Audio,DIL20,https://www.mouser.sg/ProductDetail/Mill-Max/110-43-320-41-801000?qs=RC2ne4458IKe5rHuueYA%2FA%3D%3D,Top Copper
Integrated Circuits,U156,74S374,https://www.mouser.sg/ProductDetail/Texas-Instruments/SN74LS374NE4?qs=SL3LIuy2dWwBzzpDJsDv8A%3D%3D,,Octal D-Type Edge Triggered Flip-Flops with Tristate Outputs,Audio,DIL20,https://www.mouser.sg/ProductDetail/Mill-Max/110-43-320-41-801000?qs=RC2ne4458IKe5rHuueYA%2FA%3D%3D,Top Copper
Integrated Circuits,U157,74LS373,https://www.mouser.sg/ProductDetail/Texas-Instruments/SN74LS373NE4?qs=sGAEpiMZZMu2QtOrmdJ1%2FRPDYI7IXkrB2H7gdWq7qaw%3D,,Octal D-Type Transparent Latches with 3-state Outputs,Audio,DIL20,https://www.mouser.sg/ProductDetail/Mill-Max/110-43-320-41-801000?qs=RC2ne4458IKe5rHuueYA%2FA%3D%3D,Top Copper
Integrated Circuits,U158,74LS373,https://www.mouser.sg/ProductDetail/Texas-Instruments/SN74LS373NE4?qs=sGAEpiMZZMu2QtOrmdJ1%2FRPDYI7IXkrB2H7gdWq7qaw%3D,,Octal D-Type Transparent Latches with 3-state Outputs,Audio,DIL20,https://www.mouser.sg/ProductDetail/Mill-Max/110-43-320-41-801000?qs=RC2ne4458IKe5rHuueYA%2FA%3D%3D,Top Copper
Integrated Circuits,U159,74S374,https://www.mouser.sg/ProductDetail/Texas-Instruments/SN74LS374NE4?qs=SL3LIuy2dWwBzzpDJsDv8A%3D%3D,,Octal D-Type Edge Triggered Flip-Flops with Tristate Outputs,Audio,DIL20,https://www.mouser.sg/ProductDetail/Mill-Max/110-43-320-41-801000?qs=RC2ne4458IKe5rHuueYA%2FA%3D%3D,Top Copper
Integrated Circuits,U160,7432,https://www.mouser.sg/ProductDetail/Texas-Instruments/SN74LS32NE4?qs=sGAEpiMZZMtMa9lbYwD6ZGuuqVaqkGmO7x4PfQeTHF4%3D,,Quad 2-input positive-OR gates,Audio,DIL14,https://www.mouser.sg/ProductDetail/Mill-Max/110-93-314-41-801000?qs=%2Fha2pyFaduiAoJI%252BFT3Un6AU4u1EPWQWyNo%252BHzE50tJ%252B9XjMyXXSECwGDt8yOlKj,Top Copper
Integrated Circuits,U161,7427,https://www.mouser.sg/ProductDetail/Texas-Instruments/SN74LS27N?qs=sGAEpiMZZMutXGli8Ay4kP28D9wZ8SQIwsPDjIqEADE%3D,,Triple 3-Input Positive NOR Gates,Audio,DIL14,https://www.mouser.sg/ProductDetail/Mill-Max/110-93-314-41-801000?qs=%2Fha2pyFaduiAoJI%252BFT3Un6AU4u1EPWQWyNo%252BHzE50tJ%252B9XjMyXXSECwGDt8yOlKj,Top Copper
Integrated Circuits,U162,7404,https://www.mouser.sg/ProductDetail/Texas-Instruments/SN74LS04NE4?qs=sGAEpiMZZMutVWjHE%2FYQw8FcJMyir0Lqzet%252BOgibJRs%3D,,Hex Inverters,Audio,DIL14,https://www.mouser.sg/ProductDetail/Mill-Max/110-93-314-41-801000?qs=%2Fha2pyFaduiAoJI%252BFT3Un6AU4u1EPWQWyNo%252BHzE50tJ%252B9XjMyXXSECwGDt8yOlKj,Top Copper
Integrated Circuits,U163,74LS20,https://www.mouser.sg/ProductDetail/Texas-Instruments/SN74LS20NE4?qs=SL3LIuy2dWy4R7Pu4ZGI8g%3D%3D,,Dual 4-Input Positive-NAND Gates,Audio,DIL14,https://www.mouser.sg/ProductDetail/Mill-Max/110-93-314-41-801000?qs=%2Fha2pyFaduiAoJI%252BFT3Un6AU4u1EPWQWyNo%252BHzE50tJ%252B9XjMyXXSECwGDt8yOlKj,Top Copper
Integrated Circuits,U164,74273,https://www.mouser.sg/ProductDetail/Texas-Instruments/SN74LS273NE4?qs=sGAEpiMZZMvxP%252Bvr8KwMwF73%2FSEETFlcw32YC66%252Bjxg%3D,,Octal D-Type Positive-Edge-Triggered Flip-Flops With Clear,Audio,DIL20,https://www.mouser.sg/ProductDetail/Mill-Max/110-43-320-41-801000?qs=RC2ne4458IKe5rHuueYA%2FA%3D%3D,Top Copper
Integrated Circuits,U165,74273,https://www.mouser.sg/ProductDetail/Texas-Instruments/SN74LS273NE4?qs=sGAEpiMZZMvxP%252Bvr8KwMwF73%2FSEETFlcw32YC66%252Bjxg%3D,,Octal D-Type Positive-Edge-Triggered Flip-Flops With Clear,Audio,DIL20,https://www.mouser.sg/ProductDetail/Mill-Max/110-43-320-41-801000?qs=RC2ne4458IKe5rHuueYA%2FA%3D%3D,Top Copper
Integrated Circuits,U166,74273,https://www.mouser.sg/ProductDetail/Texas-Instruments/SN74LS273NE4?qs=sGAEpiMZZMvxP%252Bvr8KwMwF73%2FSEETFlcw32YC66%252Bjxg%3D,,Octal D-Type Positive-Edge-Triggered Flip-Flops With Clear,Audio,DIL20,https://www.mouser.sg/ProductDetail/Mill-Max/110-43-320-41-801000?qs=RC2ne4458IKe5rHuueYA%2FA%3D%3D,Top Copper
Integrated Circuits,U167,74273,https://www.mouser.sg/ProductDetail/Texas-Instruments/SN74LS273NE4?qs=sGAEpiMZZMvxP%252Bvr8KwMwF73%2FSEETFlcw32YC66%252Bjxg%3D,,Octal D-Type Positive-Edge-Triggered Flip-Flops With Clear,Audio,DIL20,https://www.mouser.sg/ProductDetail/Mill-Max/110-43-320-41-801000?qs=RC2ne4458IKe5rHuueYA%2FA%3D%3D,Top Copper
Integrated Circuits,U168,74LS283,https://www.mouser.sg/ProductDetail/Texas-Instruments/SN74LS283NE4?qs=sGAEpiMZZMuV4z%252BhZ4pm1L11UKYaBimF7vh839uxJBE%3D,,4-Bit Binary Full Adders With Fast Carry,Audio,DIL16,https://www.mouser.sg/ProductDetail/Mill-Max/110-13-316-41-801000?qs=WZeyYeqMOWd122xzWNZKKg%3D%3D,Top Copper
Integrated Circuits,U169,74273,https://www.mouser.sg/ProductDetail/Texas-Instruments/SN74LS273NE4?qs=sGAEpiMZZMvxP%252Bvr8KwMwF73%2FSEETFlcw32YC66%252Bjxg%3D,S$0.90,Octal D-Type Positive-Edge-Triggered Flip-Flops With Clear,Audio,DIL20,https://www.mouser.sg/ProductDetail/Mill-Max/110-43-320-41-801000?qs=RC2ne4458IKe5rHuueYA%2FA%3D%3D,Top Copper
Integrated Circuits,U170,74273,https://www.mouser.sg/ProductDetail/Texas-Instruments/SN74LS273NE4?qs=sGAEpiMZZMvxP%252Bvr8KwMwF73%2FSEETFlcw32YC66%252Bjxg%3D,S$0.90,Octal D-Type Positive-Edge-Triggered Flip-Flops With Clear,Audio,DIL20,https://www.mouser.sg/ProductDetail/Mill-Max/110-43-320-41-801000?qs=RC2ne4458IKe5rHuueYA%2FA%3D%3D,Top Copper
Integrated Circuits,U171,74LS283,https://www.mouser.sg/ProductDetail/Texas-Instruments/SN74LS283NE4?qs=sGAEpiMZZMuV4z%252BhZ4pm1L11UKYaBimF7vh839uxJBE%3D,,4-Bit Binary Full Adders With Fast Carry,Audio,DIL16,https://www.mouser.sg/ProductDetail/Mill-Max/110-13-316-41-801000?qs=WZeyYeqMOWd122xzWNZKKg%3D%3D,Top Copper
Integrated Circuits,U172,74LS283,https://www.mouser.sg/ProductDetail/Texas-Instruments/SN74LS283NE4?qs=sGAEpiMZZMuV4z%252BhZ4pm1L11UKYaBimF7vh839uxJBE%3D,,4-Bit Binary Full Adders With Fast Carry,Audio,DIL16,https://www.mouser.sg/ProductDetail/Mill-Max/110-13-316-41-801000?qs=WZeyYeqMOWd122xzWNZKKg%3D%3D,Top Copper
Integrated Circuits,U173,74LS283,https://www.mouser.sg/ProductDetail/Texas-Instruments/SN74LS283NE4?qs=sGAEpiMZZMuV4z%252BhZ4pm1L11UKYaBimF7vh839uxJBE%3D,,4-Bit Binary Full Adders With Fast Carry,Audio,DIL16,https://www.mouser.sg/ProductDetail/Mill-Max/110-13-316-41-801000?qs=WZeyYeqMOWd122xzWNZKKg%3D%3D,Top Copper
Integrated Circuits,U174,74LS283,https://www.mouser.sg/ProductDetail/Texas-Instruments/SN74LS283NE4?qs=sGAEpiMZZMuV4z%252BhZ4pm1L11UKYaBimF7vh839uxJBE%3D,,4-Bit Binary Full Adders With Fast Carry,Audio,DIL16,https://www.mouser.sg/ProductDetail/Mill-Max/110-13-316-41-801000?qs=WZeyYeqMOWd122xzWNZKKg%3D%3D,Top Copper
Integrated Circuits,U175,74LS283,https://www.mouser.sg/ProductDetail/Texas-Instruments/SN74LS283NE4?qs=sGAEpiMZZMuV4z%252BhZ4pm1L11UKYaBimF7vh839uxJBE%3D,,4-Bit Binary Full Adders With Fast Carry,Audio,DIL16,https://www.mouser.sg/ProductDetail/Mill-Max/110-13-316-41-801000?qs=WZeyYeqMOWd122xzWNZKKg%3D%3D,Top Copper
Integrated Circuits,U176,74LS283,https://www.mouser.sg/ProductDetail/Texas-Instruments/SN74LS283NE4?qs=sGAEpiMZZMuV4z%252BhZ4pm1L11UKYaBimF7vh839uxJBE%3D,,4-Bit Binary Full Adders With Fast Carry,Audio,DIL16,https://www.mouser.sg/ProductDetail/Mill-Max/110-13-316-41-801000?qs=WZeyYeqMOWd122xzWNZKKg%3D%3D,Top Copper
Integrated Circuits,U177,7474,https://www.mouser.sg/ProductDetail/Texas-Instruments/SN74LS74ANE4?qs=%2Fha2pyFaduisezm8rmvWidBAnd8e%2F0Kj57shzdZeHHc%3D,,Dual Positive-Edge-Triggered D-Type Flip-Flops With Clear And Preset,Audio,DIL14,https://www.mouser.sg/ProductDetail/Mill-Max/110-93-314-41-801000?qs=%2Fha2pyFaduiAoJI%252BFT3Un6AU4u1EPWQWyNo%252BHzE50tJ%252B9XjMyXXSECwGDt8yOlKj,Top Copper
Integrated Circuits,U178,74273,https://www.mouser.sg/ProductDetail/Texas-Instruments/SN74LS273NE4?qs=sGAEpiMZZMvxP%252Bvr8KwMwF73%2FSEETFlcw32YC66%252Bjxg%3D,S$0.90,Octal D-Type Positive-Edge-Triggered Flip-Flops With Clear,Audio,DIL20,https://www.mouser.sg/ProductDetail/Mill-Max/110-43-320-41-801000?qs=RC2ne4458IKe5rHuueYA%2FA%3D%3D,Top Copper
Integrated Circuits,U179,74273,https://www.mouser.sg/ProductDetail/Texas-Instruments/SN74LS273NE4?qs=sGAEpiMZZMvxP%252Bvr8KwMwF73%2FSEETFlcw32YC66%252Bjxg%3D,S$0.90,Octal D-Type Positive-Edge-Triggered Flip-Flops With Clear,Audio,DIL20,https://www.mouser.sg/ProductDetail/Mill-Max/110-43-320-41-801000?qs=RC2ne4458IKe5rHuueYA%2FA%3D%3D,Top Copper
Integrated Circuits,U180,74273,https://www.mouser.sg/ProductDetail/Texas-Instruments/SN74LS273NE4?qs=sGAEpiMZZMvxP%252Bvr8KwMwF73%2FSEETFlcw32YC66%252Bjxg%3D,S$0.90,Octal D-Type Positive-Edge-Triggered Flip-Flops With Clear,Audio,DIL20,https://www.mouser.sg/ProductDetail/Mill-Max/110-43-320-41-801000?qs=RC2ne4458IKe5rHuueYA%2FA%3D%3D,Top Copper
Integrated Circuits,U181,74273,https://www.mouser.sg/ProductDetail/Texas-Instruments/SN74LS273NE4?qs=sGAEpiMZZMvxP%252Bvr8KwMwF73%2FSEETFlcw32YC66%252Bjxg%3D,S$0.90,Octal D-Type Positive-Edge-Triggered Flip-Flops With Clear,Audio,DIL20,https://www.mouser.sg/ProductDetail/Mill-Max/110-43-320-41-801000?qs=RC2ne4458IKe5rHuueYA%2FA%3D%3D,Top Copper
Integrated Circuits,U182,74157,https://www.mouser.sg/ProductDetail/Texas-Instruments/SN74LS157NE4?qs=sGAEpiMZZMtxONTBFIcRfk9GpaUoLd0cMjAQzUGo2HI%3D,,Quadruple 1-of-2 Data Selectors/Multiplexers,Audio,DIL16,https://www.mouser.sg/ProductDetail/Mill-Max/110-13-316-41-801000?qs=WZeyYeqMOWd122xzWNZKKg%3D%3D,Top Copper
Integrated Circuits,U183,74157,https://www.mouser.sg/ProductDetail/Texas-Instruments/SN74LS157NE4?qs=sGAEpiMZZMtxONTBFIcRfk9GpaUoLd0cMjAQzUGo2HI%3D,,Quadruple 1-of-2 Data Selectors/Multiplexers,Audio,DIL16,https://www.mouser.sg/ProductDetail/Mill-Max/110-13-316-41-801000?qs=WZeyYeqMOWd122xzWNZKKg%3D%3D,Top Copper
Integrated Circuits,U184,74157,https://www.mouser.sg/ProductDetail/Texas-Instruments/SN74LS157NE4?qs=sGAEpiMZZMtxONTBFIcRfk9GpaUoLd0cMjAQzUGo2HI%3D,,Quadruple 1-of-2 Data Selectors/Multiplexers,Audio,DIL16,https://www.mouser.sg/ProductDetail/Mill-Max/110-13-316-41-801000?qs=WZeyYeqMOWd122xzWNZKKg%3D%3D,Top Copper
Integrated Circuits,U185,74157,https://www.mouser.sg/ProductDetail/Texas-Instruments/SN74LS157NE4?qs=sGAEpiMZZMtxONTBFIcRfk9GpaUoLd0cMjAQzUGo2HI%3D,,Quadruple 1-of-2 Data Selectors/Multiplexers,Audio,DIL16,https://www.mouser.sg/ProductDetail/Mill-Max/110-13-316-41-801000?qs=WZeyYeqMOWd122xzWNZKKg%3D%3D,Top Copper
Integrated Circuits,U186,7485,https://www.mouser.sg/ProductDetail/Texas-Instruments/SN74LS85N?qs=%2Fha2pyFadujWUs9azztjOlpLCPvFTfozqJRbtmiwunU%3D,,4-Bit Magnitude Comparator,Audio,DIL16,https://www.mouser.sg/ProductDetail/Mill-Max/110-13-316-41-801000?qs=WZeyYeqMOWd122xzWNZKKg%3D%3D,Top Copper
Integrated Circuits,U187,7485,https://www.mouser.sg/ProductDetail/Texas-Instruments/SN74LS85N?qs=%2Fha2pyFadujWUs9azztjOlpLCPvFTfozqJRbtmiwunU%3D,,4-Bit Magnitude Comparator,Audio,DIL16,https://www.mouser.sg/ProductDetail/Mill-Max/110-13-316-41-801000?qs=WZeyYeqMOWd122xzWNZKKg%3D%3D,Top Copper
Integrated Circuits,U188,7485,https://www.mouser.sg/ProductDetail/Texas-Instruments/SN74LS85N?qs=%2Fha2pyFadujWUs9azztjOlpLCPvFTfozqJRbtmiwunU%3D,,4-Bit Magnitude Comparator,Audio,DIL16,https://www.mouser.sg/ProductDetail/Mill-Max/110-13-316-41-801000?qs=WZeyYeqMOWd122xzWNZKKg%3D%3D,Top Copper
Integrated Circuits,U189,7485,https://www.mouser.sg/ProductDetail/Texas-Instruments/SN74LS85N?qs=%2Fha2pyFadujWUs9azztjOlpLCPvFTfozqJRbtmiwunU%3D,,4-Bit Magnitude Comparator,Audio,DIL16,https://www.mouser.sg/ProductDetail/Mill-Max/110-13-316-41-801000?qs=WZeyYeqMOWd122xzWNZKKg%3D%3D,Top Copper
Integrated Circuits,U190,7485,https://www.mouser.sg/ProductDetail/Texas-Instruments/SN74LS85N?qs=%2Fha2pyFadujWUs9azztjOlpLCPvFTfozqJRbtmiwunU%3D,,4-Bit Magnitude Comparator,Audio,DIL16,https://www.mouser.sg/ProductDetail/Mill-Max/110-13-316-41-801000?qs=WZeyYeqMOWd122xzWNZKKg%3D%3D,Top Copper
Integrated Circuits,U191,7408,https://www.mouser.sg/ProductDetail/Texas-Instruments/SN74LS08NE4?qs=sGAEpiMZZMtMa9lbYwD6ZGuuqVaqkGmOfW4A%252BAFGoNk%3D,,Quadruple 2-Input Positive-AND Gates,Audio,DIL14,https://www.mouser.sg/ProductDetail/Mill-Max/110-93-314-41-801000?qs=%2Fha2pyFaduiAoJI%252BFT3Un6AU4u1EPWQWyNo%252BHzE50tJ%252B9XjMyXXSECwGDt8yOlKj,Top Copper
Integrated Circuits,U192,7432,https://www.mouser.sg/ProductDetail/Texas-Instruments/SN74LS32NE4?qs=sGAEpiMZZMtMa9lbYwD6ZGuuqVaqkGmO7x4PfQeTHF4%3D,,Quad 2-input positive-OR gates,Audio,DIL14,https://www.mouser.sg/ProductDetail/Mill-Max/110-93-314-41-801000?qs=%2Fha2pyFaduiAoJI%252BFT3Un6AU4u1EPWQWyNo%252BHzE50tJ%252B9XjMyXXSECwGDt8yOlKj,Top Copper
Integrated Circuits,U193,74S374,https://www.mouser.sg/ProductDetail/Texas-Instruments/SN74LS374NE4?qs=SL3LIuy2dWwBzzpDJsDv8A%3D%3D,,Octal D-Type Edge Triggered Flip-Flops with Tristate Outputs,Audio,DIL20,https://www.mouser.sg/ProductDetail/Mill-Max/110-43-320-41-801000?qs=RC2ne4458IKe5rHuueYA%2FA%3D%3D,Top Copper
Integrated Circuits,U194,74S374,https://www.mouser.sg/ProductDetail/Texas-Instruments/SN74LS374NE4?qs=SL3LIuy2dWwBzzpDJsDv8A%3D%3D,,Octal D-Type Edge Triggered Flip-Flops with Tristate Outputs,Audio,DIL20,https://www.mouser.sg/ProductDetail/Mill-Max/110-43-320-41-801000?qs=RC2ne4458IKe5rHuueYA%2FA%3D%3D,Top Copper
Integrated Circuits,U195,74S374,https://www.mouser.sg/ProductDetail/Texas-Instruments/SN74LS374NE4?qs=SL3LIuy2dWwBzzpDJsDv8A%3D%3D,,Octal D-Type Edge Triggered Flip-Flops with Tristate Outputs,Audio,DIL20,https://www.mouser.sg/ProductDetail/Mill-Max/110-43-320-41-801000?qs=RC2ne4458IKe5rHuueYA%2FA%3D%3D,Top Copper
Integrated Circuits,U196,74S374,https://www.mouser.sg/ProductDetail/Texas-Instruments/SN74LS374NE4?qs=SL3LIuy2dWwBzzpDJsDv8A%3D%3D,,Octal D-Type Edge Triggered Flip-Flops with Tristate Outputs,Audio,DIL20,https://www.mouser.sg/ProductDetail/Mill-Max/110-43-320-41-801000?qs=RC2ne4458IKe5rHuueYA%2FA%3D%3D,Top Copper
Integrated Circuits,U197,74LS373,https://www.mouser.sg/ProductDetail/Texas-Instruments/SN74LS373NE4?qs=sGAEpiMZZMu2QtOrmdJ1%2FRPDYI7IXkrB2H7gdWq7qaw%3D,,Octal D-Type Transparent Latches with 3-state Outputs,Audio,DIL20,https://www.mouser.sg/ProductDetail/Mill-Max/110-43-320-41-801000?qs=RC2ne4458IKe5rHuueYA%2FA%3D%3D,Top Copper
Integrated Circuits,U198,74LS373,https://www.mouser.sg/ProductDetail/Texas-Instruments/SN74LS373NE4?qs=sGAEpiMZZMu2QtOrmdJ1%2FRPDYI7IXkrB2H7gdWq7qaw%3D,,Octal D-Type Transparent Latches with 3-state Outputs,Audio,DIL20,https://www.mouser.sg/ProductDetail/Mill-Max/110-43-320-41-801000?qs=RC2ne4458IKe5rHuueYA%2FA%3D%3D,Top Copper
Integrated Circuits,U199,74S374,https://www.mouser.sg/ProductDetail/Texas-Instruments/SN74LS374NE4?qs=SL3LIuy2dWwBzzpDJsDv8A%3D%3D,,Octal D-Type Edge Triggered Flip-Flops with Tristate Outputs,Audio,DIL20,https://www.mouser.sg/ProductDetail/Mill-Max/110-43-320-41-801000?qs=RC2ne4458IKe5rHuueYA%2FA%3D%3D,Top Copper
Integrated Circuits,U200,7432,https://www.mouser.sg/ProductDetail/Texas-Instruments/SN74LS32NE4?qs=sGAEpiMZZMtMa9lbYwD6ZGuuqVaqkGmO7x4PfQeTHF4%3D,,Quad 2-input positive-OR gates,Audio,DIL14,https://www.mouser.sg/ProductDetail/Mill-Max/110-93-314-41-801000?qs=%2Fha2pyFaduiAoJI%252BFT3Un6AU4u1EPWQWyNo%252BHzE50tJ%252B9XjMyXXSECwGDt8yOlKj,Top Copper
Integrated Circuits,U201,7427,https://www.mouser.sg/ProductDetail/Texas-Instruments/SN74LS27N?qs=sGAEpiMZZMutXGli8Ay4kP28D9wZ8SQIwsPDjIqEADE%3D,,Triple 3-Input Positive NOR Gates,Audio,DIL14,https://www.mouser.sg/ProductDetail/Mill-Max/110-93-314-41-801000?qs=%2Fha2pyFaduiAoJI%252BFT3Un6AU4u1EPWQWyNo%252BHzE50tJ%252B9XjMyXXSECwGDt8yOlKj,Top Copper
Integrated Circuits,U202,7404,https://www.mouser.sg/ProductDetail/Texas-Instruments/SN74LS04NE4?qs=sGAEpiMZZMutVWjHE%2FYQw8FcJMyir0Lqzet%252BOgibJRs%3D,,Hex Inverters,Audio,DIL14,https://www.mouser.sg/ProductDetail/Mill-Max/110-93-314-41-801000?qs=%2Fha2pyFaduiAoJI%252BFT3Un6AU4u1EPWQWyNo%252BHzE50tJ%252B9XjMyXXSECwGDt8yOlKj,Top Copper
Integrated Circuits,U203,74LS20,https://www.mouser.sg/ProductDetail/Texas-Instruments/SN74LS20NE4?qs=SL3LIuy2dWy4R7Pu4ZGI8g%3D%3D,,Dual 4-Input Positive-NAND Gates,Audio,DIL14,https://www.mouser.sg/ProductDetail/Mill-Max/110-93-314-41-801000?qs=%2Fha2pyFaduiAoJI%252BFT3Un6AU4u1EPWQWyNo%252BHzE50tJ%252B9XjMyXXSECwGDt8yOlKj,Top Copper
Integrated Circuits,U204,74HC138,https://www.mouser.sg/ProductDetail/Texas-Instruments/SN74LS138NE4?qs=sGAEpiMZZMtxONTBFIcRfk9GpaUoLd0ck0Ao35GjMhY%3D,,3-Line to 8-Line Decoders/Demultiplexers,Audio,DIL16,https://www.mouser.sg/ProductDetail/Mill-Max/110-13-316-41-801000?qs=WZeyYeqMOWd122xzWNZKKg%3D%3D,Top Copper
Integrated Circuits,U205,74LS20,https://www.mouser.sg/ProductDetail/Texas-Instruments/SN74LS20NE4?qs=SL3LIuy2dWy4R7Pu4ZGI8g%3D%3D,,Dual 4-Input Positive-NAND Gates,Audio,DIL14,https://www.mouser.sg/ProductDetail/Mill-Max/110-93-314-41-801000?qs=%2Fha2pyFaduiAoJI%252BFT3Un6AU4u1EPWQWyNo%252BHzE50tJ%252B9XjMyXXSECwGDt8yOlKj,Top Copper
Integrated Circuits,U206,74HC138,https://www.mouser.sg/ProductDetail/Texas-Instruments/SN74LS138NE4?qs=sGAEpiMZZMtxONTBFIcRfk9GpaUoLd0ck0Ao35GjMhY%3D,,3-Line to 8-Line Decoders/Demultiplexers,Audio,DIL16,https://www.mouser.sg/ProductDetail/Mill-Max/110-13-316-41-801000?qs=WZeyYeqMOWd122xzWNZKKg%3D%3D,Top Copper
Integrated Circuits,U207,74HC138,https://www.mouser.sg/ProductDetail/Texas-Instruments/SN74LS138NE4?qs=sGAEpiMZZMtxONTBFIcRfk9GpaUoLd0ck0Ao35GjMhY%3D,,3-Line to 8-Line Decoders/Demultiplexers,Audio,DIL16,https://www.mouser.sg/ProductDetail/Mill-Max/110-13-316-41-801000?qs=WZeyYeqMOWd122xzWNZKKg%3D%3D,Top Copper
Integrated Circuits,U208,74HC138,https://www.mouser.sg/ProductDetail/Texas-Instruments/SN74LS138NE4?qs=sGAEpiMZZMtxONTBFIcRfk9GpaUoLd0ck0Ao35GjMhY%3D,,3-Line to 8-Line Decoders/Demultiplexers,Audio,DIL16,https://www.mouser.sg/ProductDetail/Mill-Max/110-13-316-41-801000?qs=WZeyYeqMOWd122xzWNZKKg%3D%3D,Top Copper
Diodes,D3M,74S139,https://www.mouser.sg/ProductDetail/Texas-Instruments/SN74LS139AN?qs=sGAEpiMZZMtxONTBFIcRfpKvrGTByBdi%2FBZhV6RAyCA%3D,S$0.93,Dual 2-Line to 4-Line Decoders/Demultiplexers,Video,NULL,,Not placed
Diodes,D4M,74HC138,https://www.mouser.sg/ProductDetail/Texas-Instruments/SN74LS138NE4?qs=sGAEpiMZZMtxONTBFIcRfk9GpaUoLd0ck0Ao35GjMhY%3D,S$0.72,3-Line to 8-Line Decoders/Demultiplexers,Video,NULL,,Not placed
Miscellaneous,3T,7474,https://www.mouser.sg/ProductDetail/Texas-Instruments/SN74LS74ANE4?qs=%2Fha2pyFaduisezm8rmvWidBAnd8e%2F0Kj57shzdZeHHc%3D,,Dual Positive-Edge-Triggered D-Type Flip-Flops With Clear And Preset,Audio,DIL14,https://www.mouser.sg/ProductDetail/Mill-Max/110-93-314-41-801000?qs=%2Fha2pyFaduiAoJI%252BFT3Un6AU4u1EPWQWyNo%252BHzE50tJ%252B9XjMyXXSECwGDt8yOlKj,Top Copper
Miscellaneous,4T,74368,https://www.mouser.sg/ProductDetail/Texas-Instruments/SN74LS368AN?qs=%2Fha2pyFadug6ZOj3cmpD6YwUi6dGmUUQRqKJDT%2FBvsw%3D,,Hex Buffers/Line Drivers with Inverting Tristate Outputs,Audio,DIL16,https://www.mouser.sg/ProductDetail/Mill-Max/110-13-316-41-801000?qs=WZeyYeqMOWd122xzWNZKKg%3D%3D,Top Copper
Miscellaneous,AUDCLK,555,https://www.mouser.sg/ProductDetail/CTS-Electronic-Components/MXO45HS-2C-12M0000?qs=sGAEpiMZZMt8zWNA7msRCvpTgpVI8f3UwUWPm0GFK9s%3D,,Timer/Oscillator,Audio,DIL08,https://www.mouser.sg/ProductDetail/Mill-Max/110-93-308-41-001000?qs=WZeyYeqMOWe5ncqYpB7m3g%3D%3D,Top Copper
Miscellaneous,BANKSEL4,CONN-SIL2,https://www.mouser.sg/ProductDetail/Molex/90121-0122?qs=PvP5v7Eimsnxy72QvVQroA%3D%3D,,0.1in pitch SIL connector strip,Audio,CONN-SIL2,,Top Copper
Miscellaneous,DR17,75,,,Generic resistor symbol,,NULL,,Not placed
Miscellaneous,DR34,75,,,Generic resistor symbol,,NULL,,Not placed
Miscellaneous,DU5,7404,https://www.mouser.sg/ProductDetail/Texas-Instruments/SN74LS04NE4?qs=sGAEpiMZZMutVWjHE%2FYQw8FcJMyir0Lqzet%252BOgibJRs%3D,,Hex Inverters,Video,NULL,,Not placed
Miscellaneous,EXPANSIONBUSP1,MY_09021646921,https://www.mouser.sg/ProductDetail/HARTING/09021646921?qs=gIpPgrDBK%2FiWr6s0yE4P1A%3D%3D,,DIN 41612 Connectors 64P 2A MALE R/A SLDR,Audio,09021646921,,Top Copper
Miscellaneous,J1,161-0098-E,https://www.mouser.sg/ProductDetail/Kobiconn/161-0097-E?qs=XvXsANjzvCPrZr5AKzRXng%3D%3D,,RCA Phono Connectors PHONO PCB WHITE,Audio,1610098E,,Top Copper
Miscellaneous,J2,161-0098-E,https://www.mouser.sg/ProductDetail/Kobiconn/161-0097-E?qs=XvXsANjzvCPrZr5AKzRXng%3D%3D,,RCA Phono Connectors PHONO PCB WHITE,Audio,1610098E,,Top Copper
Miscellaneous,JP1,JUMPER,https://www.mouser.sg/ProductDetail/3M-Electronic-Solutions-Division/929850-01-02-10?qs=sGAEpiMZZMs%252BGHln7q6pm6DQXoV0bF8fKj%2FScW6NT6k%3D,,Animated Jumper,Audio,CONN-SIL2,,Top Copper
Miscellaneous,JP2,JUMPER,https://www.mouser.sg/ProductDetail/3M-Electronic-Solutions-Division/929850-01-02-10?qs=sGAEpiMZZMs%252BGHln7q6pm6DQXoV0bF8fKj%2FScW6NT6k%3D,,Animated Jumper,Audio,CONN-SIL2,,Top Copper
Miscellaneous,JP3,JUMPER,https://www.mouser.sg/ProductDetail/3M-Electronic-Solutions-Division/929850-01-02-10?qs=sGAEpiMZZMs%252BGHln7q6pm6DQXoV0bF8fKj%2FScW6NT6k%3D,,Animated Jumper,Audio,CONN-SIL2,,Top Copper
Miscellaneous,JP4,JUMPER,https://www.mouser.sg/ProductDetail/3M-Electronic-Solutions-Division/929850-01-02-10?qs=sGAEpiMZZMs%252BGHln7q6pm6DQXoV0bF8fKj%2FScW6NT6k%3D,,Animated Jumper,Audio,CONN-SIL2,,Top Copper
Miscellaneous,JP5,JUMPER,https://www.mouser.sg/ProductDetail/3M-Electronic-Solutions-Division/929850-01-02-10?qs=sGAEpiMZZMs%252BGHln7q6pm6DQXoV0bF8fKj%2FScW6NT6k%3D,,Animated Jumper,Audio,CONN-SIL2,,Top Copper
Miscellaneous,JP6,JUMPER,https://www.mouser.sg/ProductDetail/3M-Electronic-Solutions-Division/929850-01-02-10?qs=sGAEpiMZZMs%252BGHln7q6pm6DQXoV0bF8fKj%2FScW6NT6k%3D,,Animated Jumper,Audio,CONN-SIL2,,Top Copper
Miscellaneous,JP7,JUMPER,https://www.mouser.sg/ProductDetail/3M-Electronic-Solutions-Division/929850-01-02-10?qs=sGAEpiMZZMs%252BGHln7q6pm6DQXoV0bF8fKj%2FScW6NT6k%3D,,Animated Jumper,Audio,CONN-SIL2,,Top Copper
Miscellaneous,JP8,JUMPER,https://www.mouser.sg/ProductDetail/3M-Electronic-Solutions-Division/929850-01-02-10?qs=sGAEpiMZZMs%252BGHln7q6pm6DQXoV0bF8fKj%2FScW6NT6k%3D,,Animated Jumper,Audio,CONN-SIL2,,Top Copper
Miscellaneous,JP9,JUMPER,https://www.mouser.sg/ProductDetail/3M-Electronic-Solutions-Division/929850-01-02-10?qs=sGAEpiMZZMs%252BGHln7q6pm6DQXoV0bF8fKj%2FScW6NT6k%3D,,Animated Jumper,Audio,CONN-SIL2,,Top Copper
Miscellaneous,RV1,100,https://www.mouser.sg/ProductDetail/Bourns/3005P-1-101?qs=%2Fha2pyFadugNvqHzgUEG%2Fv4gN98QRkBfjRsbXcFAihF0XyOI7GuhTQ%3D%3D,,POT 100 OHM 3/4 inch RECT WW SL MT,Audio,PRE-MT0.75,,Top Copper
Miscellaneous,RV2,100,https://www.mouser.sg/ProductDetail/Bourns/3005P-1-101?qs=%2Fha2pyFadugNvqHzgUEG%2Fv4gN98QRkBfjRsbXcFAihF0XyOI7GuhTQ%3D%3D,,POT 100 OHM 3/4 inch RECT WW SL MT,Audio,PRE-MT0.75,,Top Copper
Miscellaneous,SAMP1,6264FAST,https://www.mouser.sg/ProductDetail/Alliance-Memory/AS6C6264-55PCN?qs=sGAEpiMZZMt9mBA6nIyysDfDw0vDQxSwL3Jgh6owPVw%3D,S$4.01,64K (8Kx8) Static RAM,Audio,DIL28,https://www.mouser.sg/ProductDetail/Mill-Max/110-13-628-41-801000?qs=%2Fha2pyFaduj2Vn9jTBaNkbbuPoiuMRTWeD8fU3A14YCfUCD0%252BtDLsfAVe9w3OSTn,Top Copper
Miscellaneous,SAMP2,6264FAST,https://www.mouser.sg/ProductDetail/Alliance-Memory/AS6C6264-55PCN?qs=sGAEpiMZZMt9mBA6nIyysDfDw0vDQxSwL3Jgh6owPVw%3D,S$4.01,64K (8Kx8) Static RAM,Audio,DIL28,https://www.mouser.sg/ProductDetail/Mill-Max/110-13-628-41-801000?qs=%2Fha2pyFaduj2Vn9jTBaNkbbuPoiuMRTWeD8fU3A14YCfUCD0%252BtDLsfAVe9w3OSTn,Top Copper
Miscellaneous,SAMP3,6264FAST,https://www.mouser.sg/ProductDetail/Alliance-Memory/AS6C6264-55PCN?qs=sGAEpiMZZMt9mBA6nIyysDfDw0vDQxSwL3Jgh6owPVw%3D,S$4.01,64K (8Kx8) Static RAM,Audio,DIL28,https://www.mouser.sg/ProductDetail/Mill-Max/110-13-628-41-801000?qs=%2Fha2pyFaduj2Vn9jTBaNkbbuPoiuMRTWeD8fU3A14YCfUCD0%252BtDLsfAVe9w3OSTn,Top Copper
Miscellaneous,SAMP4,6264FAST,https://www.mouser.sg/ProductDetail/Alliance-Memory/AS6C6264-55PCN?qs=sGAEpiMZZMt9mBA6nIyysDfDw0vDQxSwL3Jgh6owPVw%3D,S$4.01,64K (8Kx8) Static RAM,Audio,DIL28,https://www.mouser.sg/ProductDetail/Mill-Max/110-13-628-41-801000?qs=%2Fha2pyFaduj2Vn9jTBaNkbbuPoiuMRTWeD8fU3A14YCfUCD0%252BtDLsfAVe9w3OSTn,Top Copper
Miscellaneous,SAMP5,6264FAST,https://www.mouser.sg/ProductDetail/Alliance-Memory/AS6C6264-55PCN?qs=sGAEpiMZZMt9mBA6nIyysDfDw0vDQxSwL3Jgh6owPVw%3D,S$4.01,64K (8Kx8) Static RAM,Audio,DIL28,https://www.mouser.sg/ProductDetail/Mill-Max/110-13-628-41-801000?qs=%2Fha2pyFaduj2Vn9jTBaNkbbuPoiuMRTWeD8fU3A14YCfUCD0%252BtDLsfAVe9w3OSTn,Top Copper
Miscellaneous,SAMP6,6264FAST,https://www.mouser.sg/ProductDetail/Alliance-Memory/AS6C6264-55PCN?qs=sGAEpiMZZMt9mBA6nIyysDfDw0vDQxSwL3Jgh6owPVw%3D,S$4.01,64K (8Kx8) Static RAM,Audio,DIL28,https://www.mouser.sg/ProductDetail/Mill-Max/110-13-628-41-801000?qs=%2Fha2pyFaduj2Vn9jTBaNkbbuPoiuMRTWeD8fU3A14YCfUCD0%252BtDLsfAVe9w3OSTn,Top Copper
Miscellaneous,SAMP7,6264FAST,https://www.mouser.sg/ProductDetail/Alliance-Memory/AS6C6264-55PCN?qs=sGAEpiMZZMt9mBA6nIyysDfDw0vDQxSwL3Jgh6owPVw%3D,S$4.01,64K (8Kx8) Static RAM,Audio,DIL28,https://www.mouser.sg/ProductDetail/Mill-Max/110-13-628-41-801000?qs=%2Fha2pyFaduj2Vn9jTBaNkbbuPoiuMRTWeD8fU3A14YCfUCD0%252BtDLsfAVe9w3OSTn,Top Copper
Miscellaneous,SAMP8,6264FAST,https://www.mouser.sg/ProductDetail/Alliance-Memory/AS6C6264-55PCN?qs=sGAEpiMZZMt9mBA6nIyysDfDw0vDQxSwL3Jgh6owPVw%3D,S$4.01,64K (8Kx8) Static RAM,Audio,DIL28,https://www.mouser.sg/ProductDetail/Mill-Max/110-13-628-41-801000?qs=%2Fha2pyFaduj2Vn9jTBaNkbbuPoiuMRTWeD8fU3A14YCfUCD0%252BtDLsfAVe9w3OSTn,Top Copper
Miscellaneous,VIDEOP1,MY_09021646921,https://www.mouser.sg/ProductDetail/HARTING/09021646921?qs=gIpPgrDBK%2FiWr6s0yE4P1A%3D%3D,,DIN 41612 Connectors 64P 2A MALE R/A SLDR,Audio,09021646921,,Top Copper
Miscellaneous,VSMDD1,VSMDIGITALDATA,,,Digital Data Generator (Virtual Instrument),,NULL,,Not placed
Miscellaneous,VSMDD2,VSMDIGITALDATA,,,Digital Data Generator (Virtual Instrument),,NULL,,Not placed
Miscellaneous,VSMDD3,VSMDIGITALDATA,,,Digital Data Generator (Virtual Instrument),,NULL,,Not placed
Miscellaneous,X2,CRYSTAL,https://www.mouser.sg/ProductDetail/ECS/ECS-121-S-4X?qs=sGAEpiMZZMsBj6bBr9Q9aQVbz5FLOGxj6PWo6GSXrZU%3D,S$1.04,Quartz crystal,Audio,XTAL18,,Top Copper
