Category,Quantity,References,Value,Stock Code,Description,Group Layer,PCB Package,Supplier,Placed
Capacitors,4,"C1,C2,C4,C6",CL05B104KO5NNNC,https://www.mouser.sg/ProductDetail/Samsung-Electro-Mechanics/CL05B104KO5NNNC?qs=hqM3L16%252BxlfT2SKOuAUq6Q%3D%3D,Samsung Electro-Mechanics CL05B104KO5NNNC 100nF Multilayer Ceramic Capacitor MLCC 16V dc +/-10% Tolerance SMD,Sprites2,CAPC1005X55N,,Top Copper
Capacitors,1,C3,CL05B104KO5NNNC,,Samsung Electro-Mechanics CL05B104KO5NNNC 100nF Multilayer Ceramic Capacitor MLCC 16V dc +/-10% Tolerance SMD,Video,CAPC1005X55N,,Not placed
Capacitors,1,C5,200p,https://www.mouser.sg/ProductDetail/Vishay-Cera-Mite/562R10TST20?qs=1Vd4QiMLiWEhnW3IqIibiA==,220p Ceramic Capacitor,Video,CAP20,,Not placed
Capacitors,4,"C7,C8,C9,C10",CL05B104KO5NNNC,https://www.mouser.sg/ProductDetail/Samsung-Electro-Mechanics/CL05B104KO5NNNC?qs=hqM3L16%252BxlfT2SKOuAUq6Q%3D%3D,Samsung Electro-Mechanics CL05B104KO5NNNC 100nF Multilayer Ceramic Capacitor MLCC 16V dc +/-10% Tolerance SMD,BackgroundRGB,CAPC1005X55N,,Not placed
Capacitors,3,"C11,C12,C13",CL05B104KO5NNNC,https://www.mouser.sg/ProductDetail/Samsung-Electro-Mechanics/CL05B104KO5NNNC?qs=hqM3L16%252BxlfT2SKOuAUq6Q%3D%3D,Samsung Electro-Mechanics CL05B104KO5NNNC 100nF Multilayer Ceramic Capacitor MLCC 16V dc +/-10% Tolerance SMD,Video,CAPC1005X55N,,Not placed
Resistors,16,"R1,R2,R3,R4,R5,R6,R7,R8,R9,R10,R11,R12,R13,R14,R15,R16",PULLUP,https://www.mouser.sg/ProductDetail/KOA-Speer/MFS1-4DCT52A3001F?qs=0J7VXftDlT5UxbwvicmnGw%3D%3D,Digital Primitive Model Of A Pull-Up Resistor,Sprites,NULL,,Not placed
Resistors,15,"R17,R19,R39,R41,R43,R45,R52,R54,R56,R62,R64,R66,R72,R74,R76",221,https://www.mouser.sg/ProductDetail/Vishay-Dale/CMF55221R00FKEB?qs=gQ87q99%2FLGLtVGUX15QkBw%3D%3D,Generic resistor symbol,Video,RES40,,Not placed
Resistors,21,"R18,R20,R40,R42,R44,R46,R50,R51,R53,R55,R57,R60,R61,R63,R65,R67,R70,R71,R73,R75,R77",442,https://www.mouser.sg/ProductDetail/Vishay-Dale/CMF55442R00FHEB?qs=gQQ%2FpDEpiRKHk7nNPbIyfA%3D%3D,Generic resistor symbol,Video,RES40,,Not placed
Resistors,2,"R21,R22",220,https://www.mouser.sg/ProductDetail/Vishay-Dale/CMF55220R00FHEK?qs=UEmB0FaNOjg2TC4qgSAJvQ%3D%3D,Generic resistor symbol,Video,RES40,,Not placed
Resistors,3,"R23,R24,R25",75,https://www.mouser.sg/ProductDetail/Vishay-Dale/CMF5575R000FHEB?qs=M0%2FukCt83fAn7GYP4qi24A%3D%3D,Generic resistor symbol,Video,RES40,,Not placed
Resistors,1,R104,100,https://www.mouser.sg/ProductDetail/Vishay-Dale/CMF55100R00FHEK?qs=E1R6yEsG10vYngbhrGJpcw%3D%3D,Generic resistor symbol,Video,RES40,,Not placed
Resistors,1,R105,470,https://www.mouser.sg/ProductDetail/Vishay-BC-Components/SFR25H0004700FR500?qs=58bml8Dt%2FllkS%252Ba6658qMg%3D%3D,Generic resistor symbol,Video,RES40,,Not placed
Resistors,1,R208,200,,Generic resistor symbol,Backplane,RES40,,Not placed
Integrated Circuits,9,"U1,U2,U3,U4,U6,U7,U8,U12,U59",74157,https://www.mouser.sg/ProductDetail/Texas-Instruments/SN74LS157DR?qs=SL3LIuy2dWw%2F%252Bp7AA8LUjg%3D%3D,Quadruple 1-of-2 Data Selectors/Multiplexers,Tiles,SOIC127P600X175-16N-CAP,https://www.mouser.sg/ProductDetail/Mill-Max/110-13-316-41-801000?qs=WZeyYeqMOWd122xzWNZKKg%3D%3D,Not placed
Integrated Circuits,2,"U5,U15",7404,https://www.mouser.sg/ProductDetail/Texas-Instruments/SN74LS04DR?qs=SL3LIuy2dWzOhepjTMFpMg%3D%3D,Hex Inverters,Sprites,SOIC127P600X175-14N-CAP,https://www.mouser.sg/ProductDetail/Mill-Max/110-93-314-41-801000?qs=%2Fha2pyFaduiAoJI%252BFT3Un6AU4u1EPWQWyNo%252BHzE50tJ%252B9XjMyXXSECwGDt8yOlKj,Not placed
Integrated Circuits,2,"U9,U44",74LS00,https://www.mouser.sg/ProductDetail/Texas-Instruments/SN74LS00DR?qs=p6YqzpSxLIxQ8nxlHdhQUQ%3D%3D,Quadruple 2-Input Positive-NAND Gates,Tiles,SOIC127P600X175-14N-CAP,https://www.mouser.sg/ProductDetail/Mill-Max/110-93-314-41-801000?qs=%2Fha2pyFaduiAoJI%252BFT3Un6AU4u1EPWQWyNo%252BHzE50tJ%252B9XjMyXXSECwGDt8yOlKj,Not placed
Integrated Circuits,1,U10,7410,https://www.mouser.sg/ProductDetail/Texas-Instruments/SN74LS10DR?qs=sGAEpiMZZMutXGli8Ay4kP28D9wZ8SQI5p3xXbui0l0%3D,Triple 3-Input Positive-NAND Gates,Chars,SOIC127P600X175-14N-CAP,https://www.mouser.sg/ProductDetail/Mill-Max/110-93-314-41-801000?qs=%2Fha2pyFaduiAoJI%252BFT3Un6AU4u1EPWQWyNo%252BHzE50tJ%252B9XjMyXXSECwGDt8yOlKj,Not placed
Integrated Circuits,5,"U11,U16,U18,U27,U39",74LS373,https://www.mouser.sg/ProductDetail/Texas-Instruments/SN74LS373DWR?qs=4FFjqLL55bR6x3WZek%252BFgQ%3D%3D,Octal D-Type Transparent Latches with 3-state Outputs,Tiles,SOIC127P1030X265-20N-CAP,https://www.mouser.sg/ProductDetail/Mill-Max/110-43-320-41-801000?qs=RC2ne4458IKe5rHuueYA%2FA%3D%3D,Not placed
Integrated Circuits,2,"U13,U429",74LS00,https://www.mouser.sg/ProductDetail/Texas-Instruments/SN74LS00DR?qs=p6YqzpSxLIxQ8nxlHdhQUQ%3D%3D,Quadruple 2-Input Positive-NAND Gates,Sprites,SOIC127P600X175-14N-CAP,https://www.mouser.sg/ProductDetail/Mill-Max/110-93-314-41-801000?qs=%2Fha2pyFaduiAoJI%252BFT3Un6AU4u1EPWQWyNo%252BHzE50tJ%252B9XjMyXXSECwGDt8yOlKj,Not placed
Integrated Circuits,14,"U14,U55,U75,U138,U156,U315,U350,U355,U357,U376,U392,U437,U583,U596",7432,https://www.mouser.sg/ProductDetail/Texas-Instruments/SN74LS32DR?qs=SL3LIuy2dWwtfBSQ6o0JPg%3D%3D,Quad 2-input positive-OR gates,Sprites2,SOIC127P600X175-14N-CAP,https://www.mouser.sg/ProductDetail/Mill-Max/110-93-314-41-801000?qs=%2Fha2pyFaduiAoJI%252BFT3Un6AU4u1EPWQWyNo%252BHzE50tJ%252B9XjMyXXSECwGDt8yOlKj,Top Copper
Integrated Circuits,1,U17,7404,https://www.mouser.sg/ProductDetail/Texas-Instruments/SN74LS04DR?qs=SL3LIuy2dWzOhepjTMFpMg%3D%3D,Hex Inverters,Chars,SOIC127P600X175-14N-CAP,https://www.mouser.sg/ProductDetail/Mill-Max/110-93-314-41-801000?qs=%2Fha2pyFaduiAoJI%252BFT3Un6AU4u1EPWQWyNo%252BHzE50tJ%252B9XjMyXXSECwGDt8yOlKj,Not placed
Integrated Circuits,4,"U19,U45,U53,U58",74LS373,https://www.mouser.sg/ProductDetail/Texas-Instruments/SN74LS373DWR?qs=4FFjqLL55bR6x3WZek%252BFgQ%3D%3D,Octal D-Type Transparent Latches with 3-state Outputs,Sprites,SOIC127P1030X265-20N-CAP,https://www.mouser.sg/ProductDetail/Mill-Max/110-43-320-41-801000?qs=RC2ne4458IKe5rHuueYA%2FA%3D%3D,Not placed
Integrated Circuits,3,"U20,U340,U500",7427,https://www.mouser.sg/ProductDetail/Texas-Instruments/SN74LS27DR?qs=sGAEpiMZZMutXGli8Ay4kP28D9wZ8SQIfOvGfytTqpc%3D,Triple 3-Input Positive NOR Gates,Sprites2,SOIC127P600X175-14N-CAP,https://www.mouser.sg/ProductDetail/Mill-Max/110-93-314-41-801000?qs=%2Fha2pyFaduiAoJI%252BFT3Un6AU4u1EPWQWyNo%252BHzE50tJ%252B9XjMyXXSECwGDt8yOlKj,Top Copper
Integrated Circuits,1,U21,74LS21,https://www.mouser.sg/ProductDetail/Texas-Instruments/SN74LS21DR?qs=SL3LIuy2dWyPPAPwa0NRqg%3D%3D,Dual 4-Input Positive-AND Gates,Sprites,SOIC127P600X175-14N-CAP,https://www.mouser.sg/ProductDetail/Mill-Max/110-93-314-41-801000?qs=%2Fha2pyFaduiAoJI%252BFT3Un6AU4u1EPWQWyNo%252BHzE50tJ%252B9XjMyXXSECwGDt8yOlKj,Not placed
Integrated Circuits,2,"U22,U50",74194,https://www.mouser.sg/ProductDetail/Texas-Instruments/SN74LS194AD?qs=SL3LIuy2dWyQbcrd0iQ7mw%3D%3D,4-Bit Bidirectional Universal Shift Registers,Sprites,SOIC127P600X175-16N-CAP,https://www.mouser.sg/ProductDetail/Mill-Max/110-13-316-41-801000?qs=WZeyYeqMOWd122xzWNZKKg%3D%3D,Not placed
Integrated Circuits,2,"U23,U73",7402,https://www.mouser.sg/ProductDetail/Texas-Instruments/SN74LS02DR?qs=SL3LIuy2dWwMb1IRls9bqA%3D%3D,Quadruple 2-Input Positive-NOR Gates,Video,SOIC127P600X175-14N-CAP,https://www.mouser.sg/ProductDetail/Mill-Max/110-93-314-41-801000?qs=%2Fha2pyFaduiAoJI%252BFT3Un6AU4u1EPWQWyNo%252BHzE50tJ%252B9XjMyXXSECwGDt8yOlKj,Not placed
Integrated Circuits,3,"U24,U54,U94",7432,https://www.mouser.sg/ProductDetail/Texas-Instruments/SN74LS32DR?qs=SL3LIuy2dWwtfBSQ6o0JPg%3D%3D,Quad 2-input positive-OR gates,Video,SOIC127P600X175-14N-CAP,https://www.mouser.sg/ProductDetail/Mill-Max/110-93-314-41-801000?qs=%2Fha2pyFaduiAoJI%252BFT3Un6AU4u1EPWQWyNo%252BHzE50tJ%252B9XjMyXXSECwGDt8yOlKj,Not placed
Integrated Circuits,10,"U25,U213,U216,U255,U256,U259,U263,U264,U284,U484",74273,https://www.mouser.sg/ProductDetail/Texas-Instruments/SN74LS273NSR?qs=SL3LIuy2dWxsq%2FCTeVMKZg%3D%3D,Octal D-Type Positive-Edge-Triggered Flip-Flops With Clear,Video,SOIC127P780X200-20N-CAP,https://www.mouser.sg/ProductDetail/Mill-Max/110-43-320-41-801000?qs=RC2ne4458IKe5rHuueYA%2FA%3D%3D,Not placed
Integrated Circuits,2,"U26,U34",6264FAST,https://www.mouser.sg/ProductDetail/Alliance-Memory/AS6C6264-55PCN?qs=sGAEpiMZZMt9mBA6nIyysDfDw0vDQxSwL3Jgh6owPVw%3D,64K (8Kx8) Static RAM,Video,DIL28CAP20,https://www.mouser.sg/ProductDetail/Mill-Max/110-13-628-41-801000?qs=%2Fha2pyFaduj2Vn9jTBaNkbbuPoiuMRTWeD8fU3A14YCfUCD0%252BtDLsfAVe9w3OSTn,Not placed
Integrated Circuits,6,"U28,U35,U36,U40,U221,U257",74LS373,https://www.mouser.sg/ProductDetail/Texas-Instruments/SN74LS373DWR?qs=4FFjqLL55bR6x3WZek%252BFgQ%3D%3D,Octal D-Type Transparent Latches with 3-state Outputs,Chars,SOIC127P1030X265-20N-CAP,https://www.mouser.sg/ProductDetail/Mill-Max/110-43-320-41-801000?qs=RC2ne4458IKe5rHuueYA%2FA%3D%3D,Not placed
Integrated Circuits,11,"U29,U30,U31,U32,U57,U154,U155,U251,U252,U253,U254",74157,https://www.mouser.sg/ProductDetail/Texas-Instruments/SN74LS157DR?qs=SL3LIuy2dWw%2F%252Bp7AA8LUjg%3D%3D,Quadruple 1-of-2 Data Selectors/Multiplexers,Chars,SOIC127P600X175-16N-CAP,https://www.mouser.sg/ProductDetail/Mill-Max/110-13-316-41-801000?qs=WZeyYeqMOWd122xzWNZKKg%3D%3D,Not placed
Integrated Circuits,1,U33,74S139,https://www.mouser.sg/ProductDetail/Texas-Instruments/SN74LS139ADR?qs=SL3LIuy2dWwpYzaAOf%252BnlA%3D%3D,Dual 2-Line to 4-Line Decoders/Demultiplexers,Chars,SOIC127P600X175-16N-CAP,https://www.mouser.sg/ProductDetail/Mill-Max/110-13-316-41-801000?qs=WZeyYeqMOWd122xzWNZKKg%3D%3D,Not placed
Integrated Circuits,2,"U37,U38",74194,https://www.mouser.sg/ProductDetail/Texas-Instruments/SN74LS194AD?qs=SL3LIuy2dWyQbcrd0iQ7mw%3D%3D,4-Bit Bidirectional Universal Shift Registers,Chars,SOIC127P600X175-16N-CAP,https://www.mouser.sg/ProductDetail/Mill-Max/110-13-316-41-801000?qs=WZeyYeqMOWd122xzWNZKKg%3D%3D,Not placed
Integrated Circuits,1,U41,7427,https://www.mouser.sg/ProductDetail/Texas-Instruments/SN74LS27DR?qs=sGAEpiMZZMutXGli8Ay4kP28D9wZ8SQIfOvGfytTqpc%3D,Triple 3-Input Positive NOR Gates,Chars,SOIC127P600X175-14N-CAP,https://www.mouser.sg/ProductDetail/Mill-Max/110-93-314-41-801000?qs=%2Fha2pyFaduiAoJI%252BFT3Un6AU4u1EPWQWyNo%252BHzE50tJ%252B9XjMyXXSECwGDt8yOlKj,Not placed
Integrated Circuits,1,U42,74LS00,https://www.mouser.sg/ProductDetail/Texas-Instruments/SN74LS00DR?qs=p6YqzpSxLIxQ8nxlHdhQUQ%3D%3D,Quadruple 2-Input Positive-NAND Gates,Sprites2,SOIC127P600X175-14N-CAP,https://www.mouser.sg/ProductDetail/Mill-Max/110-93-314-41-801000?qs=%2Fha2pyFaduiAoJI%252BFT3Un6AU4u1EPWQWyNo%252BHzE50tJ%252B9XjMyXXSECwGDt8yOlKj,Top Copper
Integrated Circuits,1,U43,7427,https://www.mouser.sg/ProductDetail/Texas-Instruments/SN74LS27DR?qs=sGAEpiMZZMutXGli8Ay4kP28D9wZ8SQIfOvGfytTqpc%3D,Triple 3-Input Positive NOR Gates,Tiles,SOIC127P600X175-14N-CAP,https://www.mouser.sg/ProductDetail/Mill-Max/110-93-314-41-801000?qs=%2Fha2pyFaduiAoJI%252BFT3Un6AU4u1EPWQWyNo%252BHzE50tJ%252B9XjMyXXSECwGDt8yOlKj,Not placed
Integrated Circuits,7,"U46,U47,U48,U49,U56,U212,U478",74157,https://www.mouser.sg/ProductDetail/Texas-Instruments/SN74LS157DR?qs=SL3LIuy2dWw%2F%252Bp7AA8LUjg%3D%3D,Quadruple 1-of-2 Data Selectors/Multiplexers,Sprites,SOIC127P600X175-16N-CAP,https://www.mouser.sg/ProductDetail/Mill-Max/110-13-316-41-801000?qs=WZeyYeqMOWd122xzWNZKKg%3D%3D,Not placed
Integrated Circuits,3,"U51,U390,U488",7432,https://www.mouser.sg/ProductDetail/Texas-Instruments/SN74LS32DR?qs=SL3LIuy2dWwtfBSQ6o0JPg%3D%3D,Quad 2-input positive-OR gates,Sprites,SOIC127P600X175-14N-CAP,https://www.mouser.sg/ProductDetail/Mill-Max/110-93-314-41-801000?qs=%2Fha2pyFaduiAoJI%252BFT3Un6AU4u1EPWQWyNo%252BHzE50tJ%252B9XjMyXXSECwGDt8yOlKj,Not placed
Integrated Circuits,1,U52,7404,https://www.mouser.sg/ProductDetail/Texas-Instruments/SN74LS04DR?qs=SL3LIuy2dWzOhepjTMFpMg%3D%3D,Hex Inverters,Video,SOIC127P600X175-14N-CAP,https://www.mouser.sg/ProductDetail/Mill-Max/110-93-314-41-801000?qs=%2Fha2pyFaduiAoJI%252BFT3Un6AU4u1EPWQWyNo%252BHzE50tJ%252B9XjMyXXSECwGDt8yOlKj,Not placed
Integrated Circuits,5,"U60,U61,U282,U289,U290",74273,https://www.mouser.sg/ProductDetail/Texas-Instruments/SN74LS273NSR?qs=SL3LIuy2dWxsq%2FCTeVMKZg%3D%3D,Octal D-Type Positive-Edge-Triggered Flip-Flops With Clear,Chars,SOIC127P780X200-20N-CAP,https://www.mouser.sg/ProductDetail/Mill-Max/110-43-320-41-801000?qs=RC2ne4458IKe5rHuueYA%2FA%3D%3D,Not placed
Integrated Circuits,3,"U62,U248,U249",74HC138,https://www.mouser.sg/ProductDetail/Texas-Instruments/SN74LS138DR?qs=SL3LIuy2dWwYDw%252Bne7f7PA%3D%3D,3-Line to 8-Line Decoders/Demultiplexers,Chars,SOIC127P600X175-16N-CAP,https://www.mouser.sg/ProductDetail/Mill-Max/110-13-316-41-801000?qs=WZeyYeqMOWd122xzWNZKKg%3D%3D,Not placed
Integrated Circuits,6,"U63,U64,U68,U69,U234,U235",74LS283,https://www.mouser.sg/ProductDetail/Texas-Instruments/SN74LS283D?qs=RnzODY3cU8uoUhrsuMKPjw%3D%3D,4-Bit Binary Full Adders With Fast Carry,Tiles,SOIC127P600X175-16N-CAP,https://www.mouser.sg/ProductDetail/Mill-Max/110-13-316-41-801000?qs=WZeyYeqMOWd122xzWNZKKg%3D%3D,Not placed
Integrated Circuits,1,U65,74273,https://www.mouser.sg/ProductDetail/Texas-Instruments/SN74LS273NE4?qs=sGAEpiMZZMvxP%252Bvr8KwMwF73%2FSEETFlcw32YC66%252Bjxg%3D,Octal D-Type Positive-Edge-Triggered Flip-Flops With Clear,Tiles,NULL,https://www.mouser.sg/ProductDetail/Mill-Max/110-43-320-41-801000?qs=RC2ne4458IKe5rHuueYA%2FA%3D%3D,Not placed
Integrated Circuits,6,"U66,U81,U82,U232,U233,U283",74273,https://www.mouser.sg/ProductDetail/Texas-Instruments/SN74LS273NSR?qs=SL3LIuy2dWxsq%2FCTeVMKZg%3D%3D,Octal D-Type Positive-Edge-Triggered Flip-Flops With Clear,Tiles,SOIC127P780X200-20N-CAP,https://www.mouser.sg/ProductDetail/Mill-Max/110-43-320-41-801000?qs=RC2ne4458IKe5rHuueYA%2FA%3D%3D,Not placed
Integrated Circuits,1,U67,74LS11,https://www.mouser.sg/ProductDetail/Texas-Instruments/SN74LS11DR?qs=sGAEpiMZZMutXGli8Ay4kP28D9wZ8SQIaoHi3xvjif4%3D,Triple 3-Input Positive-AND Gates,Video,SOIC127P600X175-14N-CAP,https://www.mouser.sg/ProductDetail/Mill-Max/110-93-314-41-801000?qs=%2Fha2pyFaduiAoJI%252BFT3Un6AU4u1EPWQWyNo%252BHzE50tJ%252B9XjMyXXSECwGDt8yOlKj,Not placed
Integrated Circuits,3,"U70,U230,U231",74HC138,https://www.mouser.sg/ProductDetail/Texas-Instruments/SN74LS138DR?qs=SL3LIuy2dWwYDw%252Bne7f7PA%3D%3D,3-Line to 8-Line Decoders/Demultiplexers,Tiles,SOIC127P600X175-16N-CAP,https://www.mouser.sg/ProductDetail/Mill-Max/110-13-316-41-801000?qs=WZeyYeqMOWd122xzWNZKKg%3D%3D,Not placed
Integrated Circuits,3,"U71,U136,U207",6264FAST,https://www.mouser.sg/ProductDetail/Alliance-Memory/AS6C6264-55PCN?qs=sGAEpiMZZMt9mBA6nIyysDfDw0vDQxSwL3Jgh6owPVw%3D,64K (8Kx8) Static RAM,Mode7,DIL28CAP20,https://www.mouser.sg/ProductDetail/Mill-Max/110-13-628-41-801000?qs=%2Fha2pyFaduj2Vn9jTBaNkbbuPoiuMRTWeD8fU3A14YCfUCD0%252BtDLsfAVe9w3OSTn,Not placed
Integrated Circuits,2,"U72,U438",7408,https://www.mouser.sg/ProductDetail/Texas-Instruments/SN74LS08DR?qs=SL3LIuy2dWwzq5fnFo78kw%3D%3D,Quadruple 2-Input Positive-AND Gates,Mode7,SOIC127P600X175-14N-CAP,https://www.mouser.sg/ProductDetail/Mill-Max/110-93-314-41-801000?qs=%2Fha2pyFaduiAoJI%252BFT3Un6AU4u1EPWQWyNo%252BHzE50tJ%252B9XjMyXXSECwGDt8yOlKj,Not placed
Integrated Circuits,1,U74,74S139,https://www.mouser.sg/ProductDetail/Texas-Instruments/SN74LS139ADR?qs=SL3LIuy2dWwpYzaAOf%252BnlA%3D%3D,Dual 2-Line to 4-Line Decoders/Demultiplexers,Mode7,SOIC127P600X175-16N-CAP,https://www.mouser.sg/ProductDetail/Mill-Max/110-13-316-41-801000?qs=WZeyYeqMOWd122xzWNZKKg%3D%3D,Not placed
Integrated Circuits,3,"U76,U210,U211",7485,https://www.mouser.sg/ProductDetail/Texas-Instruments/SN74LS85DR?qs=UG%2F8xqv%2F6Wcr2VkhPBBoGA%3D%3D,4-Bit Magnitude Comparator,Video,SOIC127P600X175-16N-CAP,https://www.mouser.sg/ProductDetail/Mill-Max/110-13-316-41-801000?qs=WZeyYeqMOWd122xzWNZKKg%3D%3D,Not placed
Integrated Circuits,3,"U77,U78,U79",6116FAST,https://www.mouser.sg/ProductDetail/IDT/6116SA20TPGI?qs=sGAEpiMZZMt9mBA6nIyysK6VW3GrAnba45Kc6Apw0Go%3D,16K (2Kx8) Static RAM (Fast),Sprites,DIL24NARCAP20,https://www.mouser.sg/ProductDetail/Mill-Max/110-93-324-41-801000?qs=2mZjssE3HVXiFvwLlnaxRQ%3D%3D,Not placed
Integrated Circuits,5,"U80,U158,U481,U482,U483",74163,https://www.mouser.sg/ProductDetail/Texas-Instruments/SN74LS163ADR?qs=SL3LIuy2dWzQOqYS%2FWj%252BhA%3D%3D,Synchronous 4-Bit Binary Counters,Sprites,SOIC127P600X175-16N-CAP,https://www.mouser.sg/ProductDetail/Mill-Max/110-13-316-41-801000?qs=WZeyYeqMOWd122xzWNZKKg%3D%3D,Not placed
Integrated Circuits,6,"U83,U84,U86,U286,U287,U288",74LS283,https://www.mouser.sg/ProductDetail/Texas-Instruments/SN74LS283D?qs=RnzODY3cU8uoUhrsuMKPjw%3D%3D,4-Bit Binary Full Adders With Fast Carry,Chars,SOIC127P600X175-16N-CAP,https://www.mouser.sg/ProductDetail/Mill-Max/110-13-316-41-801000?qs=WZeyYeqMOWd122xzWNZKKg%3D%3D,Not placed
Integrated Circuits,2,"U85,U487",74S139,https://www.mouser.sg/ProductDetail/Texas-Instruments/SN74LS139ADR?qs=SL3LIuy2dWwpYzaAOf%252BnlA%3D%3D,Dual 2-Line to 4-Line Decoders/Demultiplexers,Sprites,SOIC127P600X175-16N-CAP,https://www.mouser.sg/ProductDetail/Mill-Max/110-13-316-41-801000?qs=WZeyYeqMOWd122xzWNZKKg%3D%3D,Not placed
Integrated Circuits,1,U87,74S139,https://www.mouser.sg/ProductDetail/Texas-Instruments/SN74LS139ADR?qs=SL3LIuy2dWwpYzaAOf%252BnlA%3D%3D,Dual 2-Line to 4-Line Decoders/Demultiplexers,Video,SOIC127P600X175-16N-CAP,https://www.mouser.sg/ProductDetail/Mill-Max/110-13-316-41-801000?qs=WZeyYeqMOWd122xzWNZKKg%3D%3D,Not placed
Integrated Circuits,1,U88,74S139,https://www.mouser.sg/ProductDetail/Texas-Instruments/SN74LS139ADR?qs=SL3LIuy2dWwpYzaAOf%252BnlA%3D%3D,Dual 2-Line to 4-Line Decoders/Demultiplexers,Tiles,SOIC127P600X175-16N-CAP,https://www.mouser.sg/ProductDetail/Mill-Max/110-13-316-41-801000?qs=WZeyYeqMOWd122xzWNZKKg%3D%3D,Not placed
Integrated Circuits,2,"U89,U148",74LS86,https://www.mouser.sg/ProductDetail/Texas-Instruments/SN74LS86ADR?qs=UG%2F8xqv%2F6WeQUT2f2bzDnQ%3D%3D,Quadruple 2-Input Exclusive-OR Gates,Mode7,SOIC127P600X175-14N-CAP,https://www.mouser.sg/ProductDetail/Mill-Max/110-93-314-41-801000?qs=%2Fha2pyFaduiAoJI%252BFT3Un6AU4u1EPWQWyNo%252BHzE50tJ%252B9XjMyXXSECwGDt8yOlKj,Not placed
Integrated Circuits,2,"U90,U593",74LS00,https://www.mouser.sg/ProductDetail/Texas-Instruments/SN74LS00DR?qs=p6YqzpSxLIxQ8nxlHdhQUQ%3D%3D,Quadruple 2-Input Positive-NAND Gates,Chars,SOIC127P600X175-14N-CAP,https://www.mouser.sg/ProductDetail/Mill-Max/110-93-314-41-801000?qs=%2Fha2pyFaduiAoJI%252BFT3Un6AU4u1EPWQWyNo%252BHzE50tJ%252B9XjMyXXSECwGDt8yOlKj,Not placed
Integrated Circuits,1,U91,7432,https://www.mouser.sg/ProductDetail/Texas-Instruments/SN74LS32DR?qs=SL3LIuy2dWwtfBSQ6o0JPg%3D%3D,Quad 2-input positive-OR gates,Chars,SOIC127P600X175-14N-CAP,https://www.mouser.sg/ProductDetail/Mill-Max/110-93-314-41-801000?qs=%2Fha2pyFaduiAoJI%252BFT3Un6AU4u1EPWQWyNo%252BHzE50tJ%252B9XjMyXXSECwGDt8yOlKj,Not placed
Integrated Circuits,2,"U92,U594",7432,https://www.mouser.sg/ProductDetail/Texas-Instruments/SN74LS32DR?qs=SL3LIuy2dWwtfBSQ6o0JPg%3D%3D,Quad 2-input positive-OR gates,Tiles,SOIC127P600X175-14N-CAP,https://www.mouser.sg/ProductDetail/Mill-Max/110-93-314-41-801000?qs=%2Fha2pyFaduiAoJI%252BFT3Un6AU4u1EPWQWyNo%252BHzE50tJ%252B9XjMyXXSECwGDt8yOlKj,Not placed
Integrated Circuits,2,"U93,U491",7474,https://www.mouser.sg/ProductDetail/Texas-Instruments/SN74LS74ADR?qs=UG%2F8xqv%2F6WdOEnCo3YslYA%3D%3D,Dual Positive-Edge-Triggered D-Type Flip-Flops With Clear And Preset,Sprites,SOIC127P600X175-14N-CAP,https://www.mouser.sg/ProductDetail/Mill-Max/110-93-314-41-801000?qs=%2Fha2pyFaduiAoJI%252BFT3Un6AU4u1EPWQWyNo%252BHzE50tJ%252B9XjMyXXSECwGDt8yOlKj,Not placed
Integrated Circuits,2,"U95,U394",7474,https://www.mouser.sg/ProductDetail/Texas-Instruments/SN74LS74ADR?qs=UG%2F8xqv%2F6WdOEnCo3YslYA%3D%3D,Dual Positive-Edge-Triggered D-Type Flip-Flops With Clear And Preset,Video,SOIC127P600X175-14N-CAP,https://www.mouser.sg/ProductDetail/Mill-Max/110-93-314-41-801000?qs=%2Fha2pyFaduiAoJI%252BFT3Un6AU4u1EPWQWyNo%252BHzE50tJ%252B9XjMyXXSECwGDt8yOlKj,Not placed
Integrated Circuits,25,"U96,U97,U104,U105,U116,U117,U124,U125,U139,U140,U141,U142,U157,U163,U167,U168,U173,U174,U193,U194,U195,U196,U201,U204,U245",74S374,https://www.mouser.sg/ProductDetail/Texas-Instruments/SN74LS374DWR?qs=SL3LIuy2dWx46uWPzrGxvw%3D%3D,Octal D-Type Edge Triggered Flip-Flops with Tristate Outputs,Mode7,SOIC127P1030X265-20N-CAP,https://www.mouser.sg/ProductDetail/Mill-Max/110-43-320-41-801000?qs=RC2ne4458IKe5rHuueYA%2FA%3D%3D,Not placed
Integrated Circuits,48,"U98,U99,U102,U103,U106,U107,U110,U111,U112,U113,U114,U115,U118,U119,U122,U123,U126,U127,U130,U131,U132,U133,U134,U135,U169,U170,U171,U172,U175,U176,U177,U178,U182,U183,U185,U186,U188,U189,U191,U192,U197,U198,U199,U200,U202,U203,U205,U206",74283,https://www.mouser.sg/ProductDetail/Texas-Instruments/SN74LS283D?qs=RnzODY3cU8uoUhrsuMKPjw%3D%3D,4-Bit Binary Full Adders With Fast Carry,Mode7,SOIC127P600X175-16N-CAP,https://www.mouser.sg/ProductDetail/Mill-Max/110-13-316-41-801000?qs=WZeyYeqMOWd122xzWNZKKg%3D%3D,Not placed
Integrated Circuits,12,"U100,U101,U108,U109,U120,U121,U128,U129,U181,U184,U187,U190",74273,https://www.mouser.sg/ProductDetail/Texas-Instruments/SN74LS273NSR?qs=SL3LIuy2dWxsq%2FCTeVMKZg%3D%3D,Octal D-Type Positive-Edge-Triggered Flip-Flops With Clear,Mode7,SOIC127P780X200-20N-CAP,https://www.mouser.sg/ProductDetail/Mill-Max/110-43-320-41-801000?qs=RC2ne4458IKe5rHuueYA%2FA%3D%3D,Not placed
Integrated Circuits,2,"U137,U258",6264FAST,https://www.mouser.sg/ProductDetail/Alliance-Memory/AS6C6264-55PCN?qs=sGAEpiMZZMt9mBA6nIyysDfDw0vDQxSwL3Jgh6owPVw%3D,64K (8Kx8) Static RAM,Chars,DIL28CAP20,https://www.mouser.sg/ProductDetail/Mill-Max/110-13-628-41-801000?qs=%2Fha2pyFaduj2Vn9jTBaNkbbuPoiuMRTWeD8fU3A14YCfUCD0%252BtDLsfAVe9w3OSTn,Not placed
Integrated Circuits,12,"U143,U144,U145,U146,U150,U151,U152,U153,U164,U165,U239,U240",74157,https://www.mouser.sg/ProductDetail/Texas-Instruments/SN74LS157DR?qs=SL3LIuy2dWw%2F%252Bp7AA8LUjg%3D%3D,Quadruple 1-of-2 Data Selectors/Multiplexers,Mode7,SOIC127P600X175-16N-CAP,https://www.mouser.sg/ProductDetail/Mill-Max/110-13-316-41-801000?qs=WZeyYeqMOWd122xzWNZKKg%3D%3D,Not placed
Integrated Circuits,1,U147,74LS00,https://www.mouser.sg/ProductDetail/Texas-Instruments/SN74LS00DR?qs=p6YqzpSxLIxQ8nxlHdhQUQ%3D%3D,Quadruple 2-Input Positive-NAND Gates,Mode7,SOIC127P600X175-14N-CAP,https://www.mouser.sg/ProductDetail/Mill-Max/110-93-314-41-801000?qs=%2Fha2pyFaduiAoJI%252BFT3Un6AU4u1EPWQWyNo%252BHzE50tJ%252B9XjMyXXSECwGDt8yOlKj,Not placed
Integrated Circuits,3,"U149,U208,U243",74LS373,https://www.mouser.sg/ProductDetail/Texas-Instruments/SN74LS373DWR?qs=4FFjqLL55bR6x3WZek%252BFgQ%3D%3D,Octal D-Type Transparent Latches with 3-state Outputs,Mode7,SOIC127P1030X265-20N-CAP,https://www.mouser.sg/ProductDetail/Mill-Max/110-43-320-41-801000?qs=RC2ne4458IKe5rHuueYA%2FA%3D%3D,Not placed
Integrated Circuits,8,"U159,U160,U161,U162,U166,U179,U180,U413",74HC138,https://www.mouser.sg/ProductDetail/Texas-Instruments/SN74LS138DR?qs=SL3LIuy2dWwYDw%252Bne7f7PA%3D%3D,3-Line to 8-Line Decoders/Demultiplexers,Mode7,SOIC127P600X175-16N-CAP,https://www.mouser.sg/ProductDetail/Mill-Max/110-13-316-41-801000?qs=WZeyYeqMOWd122xzWNZKKg%3D%3D,Not placed
Integrated Circuits,1,U209,7404,https://www.mouser.sg/ProductDetail/Texas-Instruments/SN74LS04DR?qs=SL3LIuy2dWzOhepjTMFpMg%3D%3D,Hex Inverters,Mode7,SOIC127P600X175-14N-CAP,https://www.mouser.sg/ProductDetail/Mill-Max/110-93-314-41-801000?qs=%2Fha2pyFaduiAoJI%252BFT3Un6AU4u1EPWQWyNo%252BHzE50tJ%252B9XjMyXXSECwGDt8yOlKj,Not placed
Integrated Circuits,4,"U214,U339,U571,U586",74LS11,https://www.mouser.sg/ProductDetail/Texas-Instruments/SN74LS11DR?qs=sGAEpiMZZMutXGli8Ay4kP28D9wZ8SQIaoHi3xvjif4%3D,Triple 3-Input Positive-AND Gates,Sprites2,SOIC127P600X175-14N-CAP,https://www.mouser.sg/ProductDetail/Mill-Max/110-93-314-41-801000?qs=%2Fha2pyFaduiAoJI%252BFT3Un6AU4u1EPWQWyNo%252BHzE50tJ%252B9XjMyXXSECwGDt8yOlKj,Top Copper
Integrated Circuits,7,"U215,U334,U387,U414,U419,U528,U587",7474,https://www.mouser.sg/ProductDetail/Texas-Instruments/SN74LS74ADR?qs=UG%2F8xqv%2F6WdOEnCo3YslYA%3D%3D,Dual Positive-Edge-Triggered D-Type Flip-Flops With Clear And Preset,Sprites2,SOIC127P600X175-14N-CAP,https://www.mouser.sg/ProductDetail/Mill-Max/110-93-314-41-801000?qs=%2Fha2pyFaduiAoJI%252BFT3Un6AU4u1EPWQWyNo%252BHzE50tJ%252B9XjMyXXSECwGDt8yOlKj,Top Copper
Integrated Circuits,3,"U217,U218,U219",74LS161,https://www.mouser.sg/ProductDetail/Texas-Instruments/SN74LS161ADR?qs=SL3LIuy2dWx%252BNiLsCGC3nA%3D%3D,Synchronous 4-Bit Binary Counters,Video,SOIC127P600X175-16N-CAP,https://www.mouser.sg/ProductDetail/Mill-Max/110-13-316-41-801000?qs=WZeyYeqMOWd122xzWNZKKg%3D%3D,Not placed
Integrated Circuits,1,U220,7402,https://www.mouser.sg/ProductDetail/Texas-Instruments/SN74LS02DR?qs=SL3LIuy2dWwMb1IRls9bqA%3D%3D,Quadruple 2-Input Positive-NOR Gates,Sprites,SOIC127P600X175-14N-CAP,https://www.mouser.sg/ProductDetail/Mill-Max/110-93-314-41-801000?qs=%2Fha2pyFaduiAoJI%252BFT3Un6AU4u1EPWQWyNo%252BHzE50tJ%252B9XjMyXXSECwGDt8yOlKj,Not placed
Integrated Circuits,4,"U222,U229,U237,U291",6264FAST,https://www.mouser.sg/ProductDetail/Alliance-Memory/AS6C6264-55PCN?qs=sGAEpiMZZMt9mBA6nIyysDfDw0vDQxSwL3Jgh6owPVw%3D,64K (8Kx8) Static RAM,Vectors,DIL28CAP20,https://www.mouser.sg/ProductDetail/Mill-Max/110-13-628-41-801000?qs=%2Fha2pyFaduj2Vn9jTBaNkbbuPoiuMRTWeD8fU3A14YCfUCD0%252BtDLsfAVe9w3OSTn,Not placed
Integrated Circuits,8,"U223,U224,U225,U226,U238,U241,U242,U244",74157,https://www.mouser.sg/ProductDetail/Texas-Instruments/SN74LS157DR?qs=SL3LIuy2dWw%2F%252Bp7AA8LUjg%3D%3D,Quadruple 1-of-2 Data Selectors/Multiplexers,Vectors,SOIC127P600X175-16N-CAP,https://www.mouser.sg/ProductDetail/Mill-Max/110-13-316-41-801000?qs=WZeyYeqMOWd122xzWNZKKg%3D%3D,Not placed
Integrated Circuits,3,"U227,U314,U595",7432,https://www.mouser.sg/ProductDetail/Texas-Instruments/SN74LS32DR?qs=SL3LIuy2dWwtfBSQ6o0JPg%3D%3D,Quad 2-input positive-OR gates,Mode7,SOIC127P600X175-14N-CAP,https://www.mouser.sg/ProductDetail/Mill-Max/110-93-314-41-801000?qs=%2Fha2pyFaduiAoJI%252BFT3Un6AU4u1EPWQWyNo%252BHzE50tJ%252B9XjMyXXSECwGDt8yOlKj,Not placed
Integrated Circuits,4,"U228,U236,U247,U294",74LS373,https://www.mouser.sg/ProductDetail/Texas-Instruments/SN74LS373DWR?qs=4FFjqLL55bR6x3WZek%252BFgQ%3D%3D,Octal D-Type Transparent Latches with 3-state Outputs,Vectors,SOIC127P1030X265-20N-CAP,https://www.mouser.sg/ProductDetail/Mill-Max/110-43-320-41-801000?qs=RC2ne4458IKe5rHuueYA%2FA%3D%3D,Not placed
Integrated Circuits,2,"U246,U439",74HC138,https://www.mouser.sg/ProductDetail/Texas-Instruments/SN74LS138DR?qs=SL3LIuy2dWwYDw%252Bne7f7PA%3D%3D,3-Line to 8-Line Decoders/Demultiplexers,Combiner,SOIC127P600X175-16N-CAP,https://www.mouser.sg/ProductDetail/Mill-Max/110-13-316-41-801000?qs=WZeyYeqMOWd122xzWNZKKg%3D%3D,Not placed
Integrated Circuits,1,U250,74273,https://www.mouser.sg/ProductDetail/Texas-Instruments/SN74LS273NE4?qs=sGAEpiMZZMvxP%252Bvr8KwMwF73%2FSEETFlcw32YC66%252Bjxg%3D,Octal D-Type Positive-Edge-Triggered Flip-Flops With Clear,Chars,NULL,https://www.mouser.sg/ProductDetail/Mill-Max/110-43-320-41-801000?qs=RC2ne4458IKe5rHuueYA%2FA%3D%3D,Not placed
Integrated Circuits,3,"U260,U261,U262",74HC138,https://www.mouser.sg/ProductDetail/Texas-Instruments/SN74LS138DR?qs=SL3LIuy2dWwYDw%252Bne7f7PA%3D%3D,3-Line to 8-Line Decoders/Demultiplexers,Video,SOIC127P600X175-16N-CAP,https://www.mouser.sg/ProductDetail/Mill-Max/110-13-316-41-801000?qs=WZeyYeqMOWd122xzWNZKKg%3D%3D,Not placed
Integrated Circuits,16,"U265,U266,U267,U268,U269,U270,U271,U272,U273,U274,U275,U276,U277,U278,U279,U280",74153,https://www.mouser.sg/ProductDetail/Texas-Instruments/SN74LS153DR?qs=SL3LIuy2dWyFs2m7ewa9VQ%3D%3D,Dual 1-of-4 Data Selectors/Multiplexers,Video,SOIC127P600X175-16N-CAP,https://www.mouser.sg/ProductDetail/Mill-Max/110-13-316-41-801000?qs=WZeyYeqMOWd122xzWNZKKg%3D%3D,Not placed
Integrated Circuits,1,U281,74273,https://www.mouser.sg/ProductDetail/Texas-Instruments/SN74LS273NSR?qs=SL3LIuy2dWxsq%2FCTeVMKZg%3D%3D,Octal D-Type Positive-Edge-Triggered Flip-Flops With Clear,Sprites,SOIC127P780X200-20N-CAP,https://www.mouser.sg/ProductDetail/Mill-Max/110-43-320-41-801000?qs=RC2ne4458IKe5rHuueYA%2FA%3D%3D,Not placed
Integrated Circuits,1,U285,7410,https://www.mouser.sg/ProductDetail/Texas-Instruments/SN74LS10DR?qs=sGAEpiMZZMutXGli8Ay4kP28D9wZ8SQI5p3xXbui0l0%3D,Triple 3-Input Positive-NAND Gates,Tiles,SOIC127P600X175-14N-CAP,https://www.mouser.sg/ProductDetail/Mill-Max/110-93-314-41-801000?qs=%2Fha2pyFaduiAoJI%252BFT3Un6AU4u1EPWQWyNo%252BHzE50tJ%252B9XjMyXXSECwGDt8yOlKj,Not placed
Integrated Circuits,8,"U292,U298,U358,U359,U432,U434,U435,U436",74LS258,https://www.mouser.sg/ProductDetail/Texas-Instruments/SN74LS258BDR?qs=SL3LIuy2dWwN7JNf%2FTycZg%3D%3D,Quadruple 2-Line To 1-Line Data Selectors/Multiplexers With Tristate Outputs,Sprites2,SOIC127P600X175-16N-CAP,https://www.mouser.sg/ProductDetail/Mill-Max/110-13-316-41-801000?qs=WZeyYeqMOWd122xzWNZKKg%3D%3D,Top Copper
Integrated Circuits,5,"U293,U383,U389,U502,U539",7404,https://www.mouser.sg/ProductDetail/Texas-Instruments/SN74LS04DR?qs=SL3LIuy2dWzOhepjTMFpMg%3D%3D,Hex Inverters,Sprites2,SOIC127P600X175-14N-CAP,https://www.mouser.sg/ProductDetail/Mill-Max/110-93-314-41-801000?qs=%2Fha2pyFaduiAoJI%252BFT3Un6AU4u1EPWQWyNo%252BHzE50tJ%252B9XjMyXXSECwGDt8yOlKj,Top Copper
Integrated Circuits,11,"U295,U296,U297,U302,U416,U417,U418,U514,U520,U540,U542",74163,https://www.mouser.sg/ProductDetail/Texas-Instruments/SN74LS163ADR?qs=SL3LIuy2dWzQOqYS%2FWj%252BhA%3D%3D,Synchronous 4-Bit Binary Counters,Sprites2,SOIC127P600X175-16N-CAP,https://www.mouser.sg/ProductDetail/Mill-Max/110-13-316-41-801000?qs=WZeyYeqMOWd122xzWNZKKg%3D%3D,Top Copper
Integrated Circuits,4,"U299,U300,U308,U360",74LS257,https://www.mouser.sg/ProductDetail/Texas-Instruments/SN74LS257BD?qs=w32V8uFkMxmoIw8HEV54bg%3D%3D,Quadruple 2-Line To 1-Line Data Selectors/Multiplexers With Tristate Outputs,Vectors,SOIC127P600X175-16N-CAP,https://www.mouser.sg/ProductDetail/Mill-Max/110-13-316-41-801000?qs=WZeyYeqMOWd122xzWNZKKg%3D%3D,Not placed
Integrated Circuits,27,"U301,U311,U321,U322,U323,U324,U325,U326,U327,U328,U341,U380,U503,U505,U506,U507,U508,U509,U510,U511,U516,U517,U518,U521,U568,U569,U570",74273,https://www.mouser.sg/ProductDetail/Texas-Instruments/SN74LS273NSR?qs=SL3LIuy2dWxsq%2FCTeVMKZg%3D%3D,Octal D-Type Positive-Edge-Triggered Flip-Flops With Clear,Sprites2,SOIC127P780X200-20N-CAP,https://www.mouser.sg/ProductDetail/Mill-Max/110-43-320-41-801000?qs=RC2ne4458IKe5rHuueYA%2FA%3D%3D,Top Copper
Integrated Circuits,5,"U303,U312,U504,U515,U519",74HC138,https://www.mouser.sg/ProductDetail/Texas-Instruments/SN74LS138DR?qs=SL3LIuy2dWwYDw%252Bne7f7PA%3D%3D,3-Line to 8-Line Decoders/Demultiplexers,Sprites2,SOIC127P600X175-16N-CAP,https://www.mouser.sg/ProductDetail/Mill-Max/110-13-316-41-801000?qs=WZeyYeqMOWd122xzWNZKKg%3D%3D,Top Copper
Integrated Circuits,5,"U304,U305,U306,U353,U354",74175,https://www.mouser.sg/ProductDetail/Texas-Instruments/SN74LS175DR?qs=SL3LIuy2dWx6xZTuuqz08w%3D%3D,Quadruple D-Type Positive-Edge-Triggered Flip-Flops With Clear,Sprites2,SOIC127P600X175-16N-CAP,https://www.mouser.sg/ProductDetail/Mill-Max/110-13-316-41-801000?qs=WZeyYeqMOWd122xzWNZKKg%3D%3D,Top Copper
Integrated Circuits,28,"U307,U335,U336,U342,U343,U362,U374,U375,U381,U388,U493,U496,U497,U498,U499,U522,U523,U535,U536,U537,U538,U552,U555,U556,U557,U560,U562,U572",74LS257,https://www.mouser.sg/ProductDetail/Texas-Instruments/SN74LS257BD?qs=w32V8uFkMxmoIw8HEV54bg%3D%3D,Quadruple 2-Line To 1-Line Data Selectors/Multiplexers With Tristate Outputs,Sprites2,SOIC127P600X175-16N-CAP,https://www.mouser.sg/ProductDetail/Mill-Max/110-13-316-41-801000?qs=WZeyYeqMOWd122xzWNZKKg%3D%3D,Top Copper
Integrated Circuits,15,"U309,U310,U318,U319,U333,U349,U366,U367,U368,U369,U372,U377,U379,U412,U567",74157,https://www.mouser.sg/ProductDetail/Texas-Instruments/SN74LS157DR?qs=SL3LIuy2dWw%2F%252Bp7AA8LUjg%3D%3D,Quadruple 1-of-2 Data Selectors/Multiplexers,Sprites2,SOIC127P600X175-16N-CAP,https://www.mouser.sg/ProductDetail/Mill-Max/110-13-316-41-801000?qs=WZeyYeqMOWd122xzWNZKKg%3D%3D,Top Copper
Integrated Circuits,2,"U313,U386",6116FAST,https://www.mouser.sg/ProductDetail/IDT/6116SA20TPGI?qs=sGAEpiMZZMt9mBA6nIyysK6VW3GrAnba45Kc6Apw0Go%3D,16K (2Kx8) Static RAM (Fast),Sprites2,DIL24NARCAP20,https://www.mouser.sg/ProductDetail/Mill-Max/110-93-324-41-801000?qs=2mZjssE3HVXiFvwLlnaxRQ%3D%3D,Top Copper
Integrated Circuits,6,"U316,U320,U330,U331,U332,U513",74LS161,https://www.mouser.sg/ProductDetail/Texas-Instruments/SN74LS161ADR?qs=SL3LIuy2dWx%252BNiLsCGC3nA%3D%3D,Synchronous 4-Bit Binary Counters,Sprites2,SOIC127P600X175-16N-CAP,https://www.mouser.sg/ProductDetail/Mill-Max/110-13-316-41-801000?qs=WZeyYeqMOWd122xzWNZKKg%3D%3D,Top Copper
Integrated Circuits,2,"U317,U378",74LS245,https://www.mouser.sg/ProductDetail/Texas-Instruments/SN74LS245DWR?qs=w32V8uFkMxmdnuKq6FiFpw%3D%3D,Octal Bus Transceivers With Tristate Outputs,Sprites2,SOIC127P1030X265-20N-CAP,https://www.mouser.sg/ProductDetail/Mill-Max/110-43-320-41-801000?qs=RC2ne4458IKe5rHuueYA%2FA%3D%3D,Top Copper
Integrated Circuits,7,"U329,U415,U541,U553,U554,U558,U574",74LS540,https://www.mouser.sg/ProductDetail/Texas-Instruments/SN74LS540DWR?qs=SL3LIuy2dWzP7KZ%252BteNK1A%3D%3D,Octal Buffers/Drivers With Tristate Outputs,Sprites2,SOIC127P1030X265-20N-CAP,https://www.mouser.sg/ProductDetail/Mill-Max/110-43-320-41-801000?qs=RC2ne4458IKe5rHuueYA%2FA%3D%3D,Top Copper
Integrated Circuits,4,"U337,U364,U384,U582",7408,https://www.mouser.sg/ProductDetail/Texas-Instruments/SN74LS08DR?qs=SL3LIuy2dWwzq5fnFo78kw%3D%3D,Quadruple 2-Input Positive-AND Gates,Sprites2,SOIC127P600X175-14N-CAP,https://www.mouser.sg/ProductDetail/Mill-Max/110-93-314-41-801000?qs=%2Fha2pyFaduiAoJI%252BFT3Un6AU4u1EPWQWyNo%252BHzE50tJ%252B9XjMyXXSECwGDt8yOlKj,Top Copper
Integrated Circuits,10,"U338,U351,U352,U370,U373,U573,U577,U585,U588,U624",74LS682,https://www.mouser.sg/ProductDetail/Texas-Instruments/SN74LS682NSR?qs=UG%2F8xqv%2F6Wf%252BtjFXUxef2A%3D%3D,8-Bit Magnitude Comparators,Sprites2,SOIC127P780X200-20N-CAP,,Top Copper
Integrated Circuits,1,U344,7408,https://www.mouser.sg/ProductDetail/Texas-Instruments/SN74LS08DR?qs=SL3LIuy2dWwzq5fnFo78kw%3D%3D,Quadruple 2-Input Positive-AND Gates,Video,SOIC127P600X175-14N-CAP,https://www.mouser.sg/ProductDetail/Mill-Max/110-93-314-41-801000?qs=%2Fha2pyFaduiAoJI%252BFT3Un6AU4u1EPWQWyNo%252BHzE50tJ%252B9XjMyXXSECwGDt8yOlKj,Not placed
Integrated Circuits,36,"U345,U346,U347,U348,U501,U524,U525,U526,U527,U529,U530,U531,U532,U533,U534,U543,U544,U545,U546,U547,U548,U549,U550,U551,U559,U561,U563,U564,U565,U566,U575,U576,U578,U579,U580,U581",74LS283,https://www.mouser.sg/ProductDetail/Texas-Instruments/SN74LS283D?qs=RnzODY3cU8uoUhrsuMKPjw%3D%3D,4-Bit Binary Full Adders With Fast Carry,Sprites2,SOIC127P600X175-16N-CAP,https://www.mouser.sg/ProductDetail/Mill-Max/110-13-316-41-801000?qs=WZeyYeqMOWd122xzWNZKKg%3D%3D,Top Copper
Integrated Circuits,3,"U356,U512,U584",74LS21,https://www.mouser.sg/ProductDetail/Texas-Instruments/SN74LS21DR?qs=SL3LIuy2dWyPPAPwa0NRqg%3D%3D,Dual 4-Input Positive-AND Gates,Sprites2,SOIC127P600X175-14N-CAP,https://www.mouser.sg/ProductDetail/Mill-Max/110-93-314-41-801000?qs=%2Fha2pyFaduiAoJI%252BFT3Un6AU4u1EPWQWyNo%252BHzE50tJ%252B9XjMyXXSECwGDt8yOlKj,Top Copper
Integrated Circuits,6,"U361,U363,U385,U391,U393,U597",74157,https://www.mouser.sg/ProductDetail/Texas-Instruments/SN74LS157DR?qs=SL3LIuy2dWw%2F%252Bp7AA8LUjg%3D%3D,Quadruple 1-of-2 Data Selectors/Multiplexers,Video,SOIC127P600X175-16N-CAP,https://www.mouser.sg/ProductDetail/Mill-Max/110-13-316-41-801000?qs=WZeyYeqMOWd122xzWNZKKg%3D%3D,Not placed
Integrated Circuits,1,U365,IS62C10248AL,https://www.mouser.sg/ProductDetail/ISSI/IS62C10248AL-55TLI?qs=X3Koi7Dgoq8ZcOQZeNRyCQ%3D%3D,1M x 8 Ultra Low Power CMOS Static Ram,Sprites2,SOP80P1176X120-44,,Top Copper
Integrated Circuits,1,U371,74LS373,https://www.mouser.sg/ProductDetail/Texas-Instruments/SN74LS373DWR?qs=4FFjqLL55bR6x3WZek%252BFgQ%3D%3D,Octal D-Type Transparent Latches with 3-state Outputs,Sprites2,SOIC127P1030X265-20N-CAP,https://www.mouser.sg/ProductDetail/Mill-Max/110-43-320-41-801000?qs=RC2ne4458IKe5rHuueYA%2FA%3D%3D,Top Copper
Integrated Circuits,1,U382,74HC138,https://www.mouser.sg/ProductDetail/Texas-Instruments/SN74LS138DR?qs=SL3LIuy2dWwYDw%252Bne7f7PA%3D%3D,3-Line to 8-Line Decoders/Demultiplexers,Vectors,SOIC127P600X175-16N-CAP,https://www.mouser.sg/ProductDetail/Mill-Max/110-13-316-41-801000?qs=WZeyYeqMOWd122xzWNZKKg%3D%3D,Not placed
Integrated Circuits,2,"U395,U401",74273,https://www.mouser.sg/ProductDetail/Texas-Instruments/SN74LS273NSR?qs=SL3LIuy2dWxsq%2FCTeVMKZg%3D%3D,Octal D-Type Positive-Edge-Triggered Flip-Flops With Clear,Vectors,SOIC127P780X200-20N-CAP,https://www.mouser.sg/ProductDetail/Mill-Max/110-43-320-41-801000?qs=RC2ne4458IKe5rHuueYA%2FA%3D%3D,Not placed
Integrated Circuits,6,"U396,U397,U398,U399,U402,U403",74163,https://www.mouser.sg/ProductDetail/Texas-Instruments/SN74LS163ADR?qs=SL3LIuy2dWzQOqYS%2FWj%252BhA%3D%3D,Synchronous 4-Bit Binary Counters,Vectors,SOIC127P600X175-16N-CAP,https://www.mouser.sg/ProductDetail/Mill-Max/110-13-316-41-801000?qs=WZeyYeqMOWd122xzWNZKKg%3D%3D,Not placed
Integrated Circuits,1,U400,7404,https://www.mouser.sg/ProductDetail/Texas-Instruments/SN74LS04DR?qs=SL3LIuy2dWzOhepjTMFpMg%3D%3D,Hex Inverters,Tiles,SOIC127P600X175-14N-CAP,https://www.mouser.sg/ProductDetail/Mill-Max/110-93-314-41-801000?qs=%2Fha2pyFaduiAoJI%252BFT3Un6AU4u1EPWQWyNo%252BHzE50tJ%252B9XjMyXXSECwGDt8yOlKj,Not placed
Integrated Circuits,2,"U404,U405",7404,https://www.mouser.sg/ProductDetail/Texas-Instruments/SN74LS04DR?qs=SL3LIuy2dWzOhepjTMFpMg%3D%3D,Hex Inverters,Vectors,SOIC127P600X175-14N-CAP,https://www.mouser.sg/ProductDetail/Mill-Max/110-93-314-41-801000?qs=%2Fha2pyFaduiAoJI%252BFT3Un6AU4u1EPWQWyNo%252BHzE50tJ%252B9XjMyXXSECwGDt8yOlKj,Not placed
Integrated Circuits,3,"U406,U407,U410",7432,https://www.mouser.sg/ProductDetail/Texas-Instruments/SN74LS32DR?qs=SL3LIuy2dWwtfBSQ6o0JPg%3D%3D,Quad 2-input positive-OR gates,Vectors,SOIC127P600X175-14N-CAP,https://www.mouser.sg/ProductDetail/Mill-Max/110-93-314-41-801000?qs=%2Fha2pyFaduiAoJI%252BFT3Un6AU4u1EPWQWyNo%252BHzE50tJ%252B9XjMyXXSECwGDt8yOlKj,Not placed
Integrated Circuits,2,"U408,U420",7408,https://www.mouser.sg/ProductDetail/Texas-Instruments/SN74LS08DR?qs=SL3LIuy2dWwzq5fnFo78kw%3D%3D,Quadruple 2-Input Positive-AND Gates,Vectors,SOIC127P600X175-14N-CAP,https://www.mouser.sg/ProductDetail/Mill-Max/110-93-314-41-801000?qs=%2Fha2pyFaduiAoJI%252BFT3Un6AU4u1EPWQWyNo%252BHzE50tJ%252B9XjMyXXSECwGDt8yOlKj,Not placed
Integrated Circuits,1,U409,74S139,https://www.mouser.sg/ProductDetail/Texas-Instruments/SN74LS139ADR?qs=SL3LIuy2dWwpYzaAOf%252BnlA%3D%3D,Dual 2-Line to 4-Line Decoders/Demultiplexers,Vectors,SOIC127P600X175-16N-CAP,https://www.mouser.sg/ProductDetail/Mill-Max/110-13-316-41-801000?qs=WZeyYeqMOWd122xzWNZKKg%3D%3D,Not placed
Integrated Circuits,1,U411,74LS00,https://www.mouser.sg/ProductDetail/Texas-Instruments/SN74LS00DR?qs=p6YqzpSxLIxQ8nxlHdhQUQ%3D%3D,Quadruple 2-Input Positive-NAND Gates,Vectors,SOIC127P600X175-14N-CAP,https://www.mouser.sg/ProductDetail/Mill-Max/110-93-314-41-801000?qs=%2Fha2pyFaduiAoJI%252BFT3Un6AU4u1EPWQWyNo%252BHzE50tJ%252B9XjMyXXSECwGDt8yOlKj,Not placed
Integrated Circuits,4,"U421,U422,U424,U425",74LS257,https://www.mouser.sg/ProductDetail/Texas-Instruments/SN74LS257BD?qs=w32V8uFkMxmoIw8HEV54bg%3D%3D,Quadruple 2-Line To 1-Line Data Selectors/Multiplexers With Tristate Outputs,Combiner,SOIC127P600X175-16N-CAP,https://www.mouser.sg/ProductDetail/Mill-Max/110-13-316-41-801000?qs=WZeyYeqMOWd122xzWNZKKg%3D%3D,Not placed
Integrated Circuits,6,"U423,U448,U449,U472,U474,U476",7432,https://www.mouser.sg/ProductDetail/Texas-Instruments/SN74LS32DR?qs=SL3LIuy2dWwtfBSQ6o0JPg%3D%3D,Quad 2-input positive-OR gates,Combiner,SOIC127P600X175-14N-CAP,https://www.mouser.sg/ProductDetail/Mill-Max/110-93-314-41-801000?qs=%2Fha2pyFaduiAoJI%252BFT3Un6AU4u1EPWQWyNo%252BHzE50tJ%252B9XjMyXXSECwGDt8yOlKj,Not placed
Integrated Circuits,8,"U426,U450,U451,U452,U453,U456,U457,U458",74153,https://www.mouser.sg/ProductDetail/Texas-Instruments/SN74LS153DR?qs=SL3LIuy2dWyFs2m7ewa9VQ%3D%3D,Dual 1-of-4 Data Selectors/Multiplexers,Combiner,SOIC127P600X175-16N-CAP,https://www.mouser.sg/ProductDetail/Mill-Max/110-13-316-41-801000?qs=WZeyYeqMOWd122xzWNZKKg%3D%3D,Not placed
Integrated Circuits,4,"U427,U428,U431,U433",74LS258,https://www.mouser.sg/ProductDetail/Texas-Instruments/SN74LS258BDR?qs=SL3LIuy2dWwN7JNf%2FTycZg%3D%3D,Quadruple 2-Line To 1-Line Data Selectors/Multiplexers With Tristate Outputs,Sprites,SOIC127P600X175-16N-CAP,https://www.mouser.sg/ProductDetail/Mill-Max/110-13-316-41-801000?qs=WZeyYeqMOWd122xzWNZKKg%3D%3D,Not placed
Integrated Circuits,4,"U440,U441,U442,U443",74S374,https://www.mouser.sg/ProductDetail/Texas-Instruments/SN74LS374DWR?qs=SL3LIuy2dWx46uWPzrGxvw%3D%3D,Octal D-Type Edge Triggered Flip-Flops with Tristate Outputs,Combiner,SOIC127P1030X265-20N-CAP,https://www.mouser.sg/ProductDetail/Mill-Max/110-43-320-41-801000?qs=RC2ne4458IKe5rHuueYA%2FA%3D%3D,Not placed
Integrated Circuits,10,"U444,U445,U454,U455,U459,U460,U464,U465,U466,U468",74LS86,https://www.mouser.sg/ProductDetail/Texas-Instruments/SN74LS86ADR?qs=UG%2F8xqv%2F6WeQUT2f2bzDnQ%3D%3D,Quadruple 2-Input Exclusive-OR Gates,Combiner,SOIC127P600X175-14N-CAP,https://www.mouser.sg/ProductDetail/Mill-Max/110-93-314-41-801000?qs=%2Fha2pyFaduiAoJI%252BFT3Un6AU4u1EPWQWyNo%252BHzE50tJ%252B9XjMyXXSECwGDt8yOlKj,Not placed
Integrated Circuits,6,"U446,U447,U461,U467,U470,U471",7408,https://www.mouser.sg/ProductDetail/Texas-Instruments/SN74LS08DR?qs=SL3LIuy2dWwzq5fnFo78kw%3D%3D,Quadruple 2-Input Positive-AND Gates,Combiner,SOIC127P600X175-14N-CAP,https://www.mouser.sg/ProductDetail/Mill-Max/110-93-314-41-801000?qs=%2Fha2pyFaduiAoJI%252BFT3Un6AU4u1EPWQWyNo%252BHzE50tJ%252B9XjMyXXSECwGDt8yOlKj,Not placed
Integrated Circuits,2,"U462,U469",74157,https://www.mouser.sg/ProductDetail/Texas-Instruments/SN74LS157DR?qs=SL3LIuy2dWw%2F%252Bp7AA8LUjg%3D%3D,Quadruple 1-of-2 Data Selectors/Multiplexers,Combiner,SOIC127P600X175-16N-CAP,https://www.mouser.sg/ProductDetail/Mill-Max/110-13-316-41-801000?qs=WZeyYeqMOWd122xzWNZKKg%3D%3D,Not placed
Integrated Circuits,2,"U463,U473",7404,https://www.mouser.sg/ProductDetail/Texas-Instruments/SN74LS04DR?qs=SL3LIuy2dWzOhepjTMFpMg%3D%3D,Hex Inverters,Combiner,SOIC127P600X175-14N-CAP,https://www.mouser.sg/ProductDetail/Mill-Max/110-93-314-41-801000?qs=%2Fha2pyFaduiAoJI%252BFT3Un6AU4u1EPWQWyNo%252BHzE50tJ%252B9XjMyXXSECwGDt8yOlKj,Not placed
Integrated Circuits,2,"U475,U477",74273,https://www.mouser.sg/ProductDetail/Texas-Instruments/SN74LS273NSR?qs=SL3LIuy2dWxsq%2FCTeVMKZg%3D%3D,Octal D-Type Positive-Edge-Triggered Flip-Flops With Clear,Combiner,SOIC127P780X200-20N-CAP,https://www.mouser.sg/ProductDetail/Mill-Max/110-43-320-41-801000?qs=RC2ne4458IKe5rHuueYA%2FA%3D%3D,Not placed
Integrated Circuits,1,U479,7474,https://www.mouser.sg/ProductDetail/Texas-Instruments/SN74LS74ADR?qs=UG%2F8xqv%2F6WdOEnCo3YslYA%3D%3D,Dual Positive-Edge-Triggered D-Type Flip-Flops With Clear And Preset,Combiner,SOIC127P600X175-14N-CAP,https://www.mouser.sg/ProductDetail/Mill-Max/110-93-314-41-801000?qs=%2Fha2pyFaduiAoJI%252BFT3Un6AU4u1EPWQWyNo%252BHzE50tJ%252B9XjMyXXSECwGDt8yOlKj,Not placed
Integrated Circuits,1,U480,74175,https://www.mouser.sg/ProductDetail/Texas-Instruments/SN74LS175DR?qs=SL3LIuy2dWx6xZTuuqz08w%3D%3D,Quadruple D-Type Positive-Edge-Triggered Flip-Flops With Clear,Sprites,SOIC127P600X175-16N-CAP,https://www.mouser.sg/ProductDetail/Mill-Max/110-13-316-41-801000?qs=WZeyYeqMOWd122xzWNZKKg%3D%3D,Not placed
Integrated Circuits,1,U485,74LS174,https://www.mouser.sg/ProductDetail/Texas-Instruments/SN74LS174DR?qs=1K8%2FAQHn5WQhMQC6QKmQtQ%3D%3D,Hex D-Type Positive-Edge-Triggered Flip-Flops With Clear,Video,SOIC127P600X175-16N-CAP,https://www.mouser.sg/ProductDetail/Mill-Max/110-13-316-41-801000?qs=WZeyYeqMOWd122xzWNZKKg%3D%3D,Not placed
Integrated Circuits,1,U486,74LS682,https://www.mouser.sg/ProductDetail/Texas-Instruments/SN74LS682NSR?qs=UG%2F8xqv%2F6Wf%252BtjFXUxef2A%3D%3D,8-Bit Magnitude Comparators,Sprites,SOIC127P780X200-20N-CAP,,Not placed
Integrated Circuits,1,U489,7410,https://www.mouser.sg/ProductDetail/Texas-Instruments/SN74LS10DR?qs=sGAEpiMZZMutXGli8Ay4kP28D9wZ8SQI5p3xXbui0l0%3D,Triple 3-Input Positive-NAND Gates,Sprites,SOIC127P600X175-14N-CAP,https://www.mouser.sg/ProductDetail/Mill-Max/110-93-314-41-801000?qs=%2Fha2pyFaduiAoJI%252BFT3Un6AU4u1EPWQWyNo%252BHzE50tJ%252B9XjMyXXSECwGDt8yOlKj,Not placed
Integrated Circuits,1,U490,74LS682,https://www.mouser.sg/ProductDetail/Texas-Instruments/SN74LS682NSR?qs=UG%2F8xqv%2F6Wf%252BtjFXUxef2A%3D%3D,8-Bit Magnitude Comparators,Video,SOIC127P780X200-20N-CAP,,Not placed
Integrated Circuits,1,U492,ADM709LARZ,https://www.mouser.sg/ProductDetail/Analog-Devices/ADM709LARZ?qs=BpaRKvA4VqHy5OxrBQwb0w%3D%3D,Processor Supervisor 4.65V 200uA 8-SOIC,Video,SOIC127P600X175-8N,,Not placed
Integrated Circuits,2,"U494,U495",CY62138FLL-45SXI,https://www.mouser.sg/ProductDetail/Infineon-Technologies/CY62138FLL-45SXI?qs=7NE86GkllXdH%2F8BJe%2FJfYw%3D%3D,256K x 8 Ultra Low Power CMOS Static Ram,Sprites2,SOIC127P1412X300-32N,,Top Copper
Integrated Circuits,2,"U589,U590",27C512,https://www.mouser.sg/ProductDetail/3M-Electronic-Solutions-Division/4828-6000-CP?qs=IGgAdOvCTsQg%252Bq3w9c1B8Q%3D%3D,CMOS 512kbit (64KB X 8) UV EPROM,Sprites2,DIL28CAP20,https://www.mouser.sg/ProductDetail/Mill-Max/110-13-628-41-801000?qs=%2Fha2pyFaduj2Vn9jTBaNkbbuPoiuMRTWeD8fU3A14YCfUCD0%252BtDLsfAVe9w3OSTn,Top Copper
Integrated Circuits,1,U591,74LS11,https://www.mouser.sg/ProductDetail/Texas-Instruments/SN74LS11DR?qs=sGAEpiMZZMutXGli8Ay4kP28D9wZ8SQIaoHi3xvjif4%3D,Triple 3-Input Positive-AND Gates,Sprites,SOIC127P600X175-14N-CAP,https://www.mouser.sg/ProductDetail/Mill-Max/110-93-314-41-801000?qs=%2Fha2pyFaduiAoJI%252BFT3Un6AU4u1EPWQWyNo%252BHzE50tJ%252B9XjMyXXSECwGDt8yOlKj,Not placed
Integrated Circuits,1,U592,7427,https://www.mouser.sg/ProductDetail/Texas-Instruments/SN74LS27DR?qs=sGAEpiMZZMutXGli8Ay4kP28D9wZ8SQIfOvGfytTqpc%3D,Triple 3-Input Positive NOR Gates,Sprites,SOIC127P600X175-14N-CAP,https://www.mouser.sg/ProductDetail/Mill-Max/110-93-314-41-801000?qs=%2Fha2pyFaduiAoJI%252BFT3Un6AU4u1EPWQWyNo%252BHzE50tJ%252B9XjMyXXSECwGDt8yOlKj,Not placed
Integrated Circuits,1,U598,74LS682,https://www.mouser.sg/ProductDetail/Texas-Instruments/SN74LS682NSR?qs=UG%2F8xqv%2F6Wf%252BtjFXUxef2A%3D%3D,8-Bit Magnitude Comparators,BackgroundRGB,SOIC127P780X200-20N-CAP,,Not placed
Integrated Circuits,5,"U599,U600,U601,U603,U605",74157,https://www.mouser.sg/ProductDetail/Texas-Instruments/SN74LS157DR?qs=SL3LIuy2dWw%2F%252Bp7AA8LUjg%3D%3D,Quadruple 1-of-2 Data Selectors/Multiplexers,BackgroundRGB,SOIC127P600X175-16N-CAP,https://www.mouser.sg/ProductDetail/Mill-Max/110-13-316-41-801000?qs=WZeyYeqMOWd122xzWNZKKg%3D%3D,Not placed
Integrated Circuits,2,"U602,U608",74LS373,https://www.mouser.sg/ProductDetail/Texas-Instruments/SN74LS373DWR?qs=4FFjqLL55bR6x3WZek%252BFgQ%3D%3D,Octal D-Type Transparent Latches with 3-state Outputs,BackgroundRGB,SOIC127P1030X265-20N-CAP,https://www.mouser.sg/ProductDetail/Mill-Max/110-43-320-41-801000?qs=RC2ne4458IKe5rHuueYA%2FA%3D%3D,Not placed
Integrated Circuits,2,"U604,U609",IS62C10248AL,https://www.mouser.sg/ProductDetail/ISSI/IS62C10248AL-55TLI?qs=X3Koi7Dgoq8ZcOQZeNRyCQ%3D%3D,1M x 8 Ultra Low Power CMOS Static Ram,BackgroundRGB,SOP80P1176X120-44,,Not placed
Integrated Circuits,2,"U606,U623",7432,https://www.mouser.sg/ProductDetail/Texas-Instruments/SN74LS32DR?qs=SL3LIuy2dWwtfBSQ6o0JPg%3D%3D,Quad 2-input positive-OR gates,BackgroundRGB,SOIC127P600X175-14N-CAP,https://www.mouser.sg/ProductDetail/Mill-Max/110-93-314-41-801000?qs=%2Fha2pyFaduiAoJI%252BFT3Un6AU4u1EPWQWyNo%252BHzE50tJ%252B9XjMyXXSECwGDt8yOlKj,Not placed
Integrated Circuits,1,U607,7404,https://www.mouser.sg/ProductDetail/Texas-Instruments/SN74LS04DR?qs=SL3LIuy2dWzOhepjTMFpMg%3D%3D,Hex Inverters,BackgroundRGB,SOIC127P600X175-14N-CAP,https://www.mouser.sg/ProductDetail/Mill-Max/110-93-314-41-801000?qs=%2Fha2pyFaduiAoJI%252BFT3Un6AU4u1EPWQWyNo%252BHzE50tJ%252B9XjMyXXSECwGDt8yOlKj,Not placed
Integrated Circuits,2,"U610,U612",74HC138,https://www.mouser.sg/ProductDetail/Texas-Instruments/SN74LS138DR?qs=SL3LIuy2dWwYDw%252Bne7f7PA%3D%3D,3-Line to 8-Line Decoders/Demultiplexers,BackgroundRGB,SOIC127P600X175-16N-CAP,https://www.mouser.sg/ProductDetail/Mill-Max/110-13-316-41-801000?qs=WZeyYeqMOWd122xzWNZKKg%3D%3D,Not placed
Integrated Circuits,5,"U611,U613,U614,U615,U616",74273,https://www.mouser.sg/ProductDetail/Texas-Instruments/SN74LS273NSR?qs=SL3LIuy2dWxsq%2FCTeVMKZg%3D%3D,Octal D-Type Positive-Edge-Triggered Flip-Flops With Clear,BackgroundRGB,SOIC127P780X200-20N-CAP,https://www.mouser.sg/ProductDetail/Mill-Max/110-43-320-41-801000?qs=RC2ne4458IKe5rHuueYA%2FA%3D%3D,Not placed
Integrated Circuits,6,"U617,U618,U619,U620,U621,U622",74LS283,https://www.mouser.sg/ProductDetail/Texas-Instruments/SN74LS283D?qs=RnzODY3cU8uoUhrsuMKPjw%3D%3D,4-Bit Binary Full Adders With Fast Carry,BackgroundRGB,SOIC127P600X175-16N-CAP,https://www.mouser.sg/ProductDetail/Mill-Max/110-13-316-41-801000?qs=WZeyYeqMOWd122xzWNZKKg%3D%3D,Not placed
Integrated Circuits,3,"U625,U626,U627",ADA4430-1YKSZ-R7,https://www.mouser.sg/ProductDetail/Analog-Devices/ADA4430-1YKSZ-R7?qs=BpaRKvA4VqFNXyz5Q8X2jQ%3D%3D,"ANALOG DEVICES - ADA4430-1YKSZ-R7 - SD VIDEO FILTER, 9.5MHZ, SC-70-6, FULL R",Video,SOT65P210X110-6N,,Not placed
Diodes,1,D204,LED-RED,,Animated LED model (Red),Backplane,LED,,Not placed
Miscellaneous,8,"1A,1B,1D,6M,6T,7F,7H,L2E",74157,https://www.mouser.sg/ProductDetail/Texas-Instruments/SN74LS157DR?qs=SL3LIuy2dWw%2F%252Bp7AA8LUjg%3D%3D,Quadruple 1-of-2 Data Selectors/Multiplexers,Sprites,SOIC127P600X175-16N-CAP,https://www.mouser.sg/ProductDetail/Mill-Max/110-13-316-41-801000?qs=WZeyYeqMOWd122xzWNZKKg%3D%3D,Not placed
Miscellaneous,1,1T,7408,https://www.mouser.sg/ProductDetail/Texas-Instruments/SN74LS08DR?qs=SL3LIuy2dWwzq5fnFo78kw%3D%3D,Quadruple 2-Input Positive-AND Gates,Video,SOIC127P600X175-14N-CAP,https://www.mouser.sg/ProductDetail/Mill-Max/110-93-314-41-801000?qs=%2Fha2pyFaduiAoJI%252BFT3Un6AU4u1EPWQWyNo%252BHzE50tJ%252B9XjMyXXSECwGDt8yOlKj,Not placed
Miscellaneous,4,"2A,2B,2C,2D",74175,https://www.mouser.sg/ProductDetail/Texas-Instruments/SN74LS175DR?qs=SL3LIuy2dWx6xZTuuqz08w%3D%3D,Quadruple D-Type Positive-Edge-Triggered Flip-Flops With Clear,Sprites,SOIC127P600X175-16N-CAP,https://www.mouser.sg/ProductDetail/Mill-Max/110-13-316-41-801000?qs=WZeyYeqMOWd122xzWNZKKg%3D%3D,Not placed
Miscellaneous,1,2F,74LS245,https://www.mouser.sg/ProductDetail/Texas-Instruments/SN74LS245DWR?qs=w32V8uFkMxmdnuKq6FiFpw%3D%3D,Octal Bus Transceivers With Tristate Outputs,Sprites,SOIC127P1030X265-20N-CAP,https://www.mouser.sg/ProductDetail/Mill-Max/110-43-320-41-801000?qs=RC2ne4458IKe5rHuueYA%2FA%3D%3D,Not placed
Miscellaneous,4,"3A,3B,3C,3D",74LS258,https://www.mouser.sg/ProductDetail/Texas-Instruments/SN74LS258BDR?qs=SL3LIuy2dWwN7JNf%2FTycZg%3D%3D,Quadruple 2-Line To 1-Line Data Selectors/Multiplexers With Tristate Outputs,Sprites,SOIC127P600X175-16N-CAP,https://www.mouser.sg/ProductDetail/Mill-Max/110-13-316-41-801000?qs=WZeyYeqMOWd122xzWNZKKg%3D%3D,Not placed
Miscellaneous,1,3H,7432,https://www.mouser.sg/ProductDetail/Texas-Instruments/SN74LS32DR?qs=SL3LIuy2dWwtfBSQ6o0JPg%3D%3D,Quad 2-input positive-OR gates,Sprites,SOIC127P600X175-14N-CAP,https://www.mouser.sg/ProductDetail/Mill-Max/110-93-314-41-801000?qs=%2Fha2pyFaduiAoJI%252BFT3Un6AU4u1EPWQWyNo%252BHzE50tJ%252B9XjMyXXSECwGDt8yOlKj,Not placed
Miscellaneous,1,3M8,74148,https://www.mouser.sg/ProductDetail/Texas-Instruments/SN74LS148DR?qs=N6WZOzgtpqUYbR2JHrDnOg%3D%3D,8-Line To 3-Line Priority Encoders,Video,SOIC127P600X175-16N-CAP,https://www.mouser.sg/ProductDetail/Mill-Max/110-13-316-41-801000?qs=WZeyYeqMOWd122xzWNZKKg%3D%3D,Not placed
Miscellaneous,4,"3N,3P,3R,3S",74161,https://www.mouser.sg/ProductDetail/Texas-Instruments/SN74LS161ADR?qs=SL3LIuy2dWx%252BNiLsCGC3nA%3D%3D,Synchronous 4-Bit Binary Counters,Video,SOIC127P600X175-16N-CAP,https://www.mouser.sg/ProductDetail/Mill-Max/110-13-316-41-801000?qs=WZeyYeqMOWd122xzWNZKKg%3D%3D,Not placed
Miscellaneous,4,"3T,3TT,4P,5P",7474,https://www.mouser.sg/ProductDetail/Texas-Instruments/SN74LS74ADR?qs=UG%2F8xqv%2F6WdOEnCo3YslYA%3D%3D,Dual Positive-Edge-Triggered D-Type Flip-Flops With Clear And Preset,Video,SOIC127P600X175-14N-CAP,https://www.mouser.sg/ProductDetail/Mill-Max/110-93-314-41-801000?qs=%2Fha2pyFaduiAoJI%252BFT3Un6AU4u1EPWQWyNo%252BHzE50tJ%252B9XjMyXXSECwGDt8yOlKj,Not placed
Miscellaneous,4,"4A,4B,4C,4D",2114FAST,https://www.jameco.com/z/2114N-2-Major-Brands-IC-2114N-2-SRAM-1Kx4-DIP-18-pin-200ns_38973.html?CID=MERCH,4K Static RAM (1K x 4bit) (Fast),Sprites,NULL,https://www.mouser.sg/ProductDetail/Mill-Max/110-13-318-41-801000?qs=WZeyYeqMOWcusVdSCp10bQ%3D%3D,Not placed
Miscellaneous,2,"4H,6H",74LS86,https://www.mouser.sg/ProductDetail/Texas-Instruments/SN74LS86ADR?qs=UG%2F8xqv%2F6WeQUT2f2bzDnQ%3D%3D,Quadruple 2-Input Exclusive-OR Gates,Sprites,SOIC127P600X175-14N-CAP,https://www.mouser.sg/ProductDetail/Mill-Max/110-93-314-41-801000?qs=%2Fha2pyFaduiAoJI%252BFT3Un6AU4u1EPWQWyNo%252BHzE50tJ%252B9XjMyXXSECwGDt8yOlKj,Not placed
Miscellaneous,2,"4L6,5L6",74273,https://www.mouser.sg/ProductDetail/Texas-Instruments/SN74LS273NSR?qs=SL3LIuy2dWxsq%2FCTeVMKZg%3D%3D,Octal D-Type Positive-Edge-Triggered Flip-Flops With Clear,Chars,SOIC127P780X200-20N-CAP,https://www.mouser.sg/ProductDetail/Mill-Max/110-43-320-41-801000?qs=RC2ne4458IKe5rHuueYA%2FA%3D%3D,Not placed
Miscellaneous,2,"4M,8D2",74HC138,https://www.mouser.sg/ProductDetail/Texas-Instruments/SN74LS138DR?qs=SL3LIuy2dWwYDw%252Bne7f7PA%3D%3D,3-Line to 8-Line Decoders/Demultiplexers,Video,SOIC127P600X175-16N-CAP,https://www.mouser.sg/ProductDetail/Mill-Max/110-13-316-41-801000?qs=WZeyYeqMOWd122xzWNZKKg%3D%3D,Not placed
Miscellaneous,1,4M6,74LS174,https://www.mouser.sg/ProductDetail/Texas-Instruments/SN74LS174DR?qs=1K8%2FAQHn5WQhMQC6QKmQtQ%3D%3D,Hex D-Type Positive-Edge-Triggered Flip-Flops With Clear,Chars,SOIC127P600X175-16N-CAP,https://www.mouser.sg/ProductDetail/Mill-Max/110-13-316-41-801000?qs=WZeyYeqMOWd122xzWNZKKg%3D%3D,Not placed
Miscellaneous,1,4N,7410,https://www.mouser.sg/ProductDetail/Texas-Instruments/SN74LS10DR?qs=sGAEpiMZZMutXGli8Ay4kP28D9wZ8SQI5p3xXbui0l0%3D,Triple 3-Input Positive-NAND Gates,Video,SOIC127P600X175-14N-CAP,https://www.mouser.sg/ProductDetail/Mill-Max/110-93-314-41-801000?qs=%2Fha2pyFaduiAoJI%252BFT3Un6AU4u1EPWQWyNo%252BHzE50tJ%252B9XjMyXXSECwGDt8yOlKj,Not placed
Miscellaneous,5,"4P7R,8L7R,8N7R,8R7R,8S7R",6264FAST,https://www.mouser.sg/ProductDetail/Alliance-Memory/AS6C6264-55PCN?qs=sGAEpiMZZMt9mBA6nIyysDfDw0vDQxSwL3Jgh6owPVw%3D,64K (8Kx8) Static RAM,Tiles,DIL28CAP20,https://www.mouser.sg/ProductDetail/Mill-Max/110-13-628-41-801000?qs=%2Fha2pyFaduj2Vn9jTBaNkbbuPoiuMRTWeD8fU3A14YCfUCD0%252BtDLsfAVe9w3OSTn,Not placed
Miscellaneous,1,4R,7404,https://www.mouser.sg/ProductDetail/Texas-Instruments/SN74LS04DR?qs=SL3LIuy2dWzOhepjTMFpMg%3D%3D,Hex Inverters,Video,SOIC127P600X175-14N-CAP,https://www.mouser.sg/ProductDetail/Mill-Max/110-93-314-41-801000?qs=%2Fha2pyFaduiAoJI%252BFT3Un6AU4u1EPWQWyNo%252BHzE50tJ%252B9XjMyXXSECwGDt8yOlKj,Not placed
Miscellaneous,1,4T,74368,https://www.mouser.sg/ProductDetail/Texas-Instruments/SN74LS368AD?qs=SL3LIuy2dWyIGR1nOmwsZA%3D%3D,Hex Buffers/Line Drivers with Inverting Tristate Outputs,Video,SOIC127P600X175-16N-CAP,https://www.mouser.sg/ProductDetail/Mill-Max/110-13-316-41-801000?qs=WZeyYeqMOWd122xzWNZKKg%3D%3D,Not placed
Miscellaneous,2,"5F,L5E",74283,https://www.mouser.sg/ProductDetail/Texas-Instruments/SN74LS283D?qs=RnzODY3cU8uoUhrsuMKPjw%3D%3D,4-Bit Binary Full Adders With Fast Carry,Sprites,SOIC127P600X175-16N-CAP,https://www.mouser.sg/ProductDetail/Mill-Max/110-13-316-41-801000?qs=WZeyYeqMOWd122xzWNZKKg%3D%3D,Not placed
Miscellaneous,4,"5F8,5H8,5J8,5K8",74153,https://www.mouser.sg/ProductDetail/Texas-Instruments/SN74LS153DR?qs=SL3LIuy2dWyFs2m7ewa9VQ%3D%3D,Dual 1-of-4 Data Selectors/Multiplexers,Video,SOIC127P600X175-16N-CAP,https://www.mouser.sg/ProductDetail/Mill-Max/110-13-316-41-801000?qs=WZeyYeqMOWd122xzWNZKKg%3D%3D,Not placed
Miscellaneous,3,"5H,6F,L6E",74273,https://www.mouser.sg/ProductDetail/Texas-Instruments/SN74LS273NSR?qs=SL3LIuy2dWxsq%2FCTeVMKZg%3D%3D,Octal D-Type Positive-Edge-Triggered Flip-Flops With Clear,Sprites,SOIC127P780X200-20N-CAP,https://www.mouser.sg/ProductDetail/Mill-Max/110-43-320-41-801000?qs=RC2ne4458IKe5rHuueYA%2FA%3D%3D,Not placed
Miscellaneous,6,"5J,5K,5L,6J,6K,6L",74194,https://www.mouser.sg/ProductDetail/Texas-Instruments/SN74LS194AD?qs=SL3LIuy2dWyQbcrd0iQ7mw%3D%3D,4-Bit Bidirectional Universal Shift Registers,Sprites,SOIC127P600X175-16N-CAP,https://www.mouser.sg/ProductDetail/Mill-Max/110-13-316-41-801000?qs=WZeyYeqMOWd122xzWNZKKg%3D%3D,Not placed
Miscellaneous,1,5N7,74157,https://www.mouser.sg/ProductDetail/Texas-Instruments/SN74LS157DR?qs=SL3LIuy2dWw%2F%252Bp7AA8LUjg%3D%3D,Quadruple 1-of-2 Data Selectors/Multiplexers,Tiles,SOIC127P600X175-16N-CAP,https://www.mouser.sg/ProductDetail/Mill-Max/110-13-316-41-801000?qs=WZeyYeqMOWd122xzWNZKKg%3D%3D,Not placed
Miscellaneous,1,5P7,7432,https://www.mouser.sg/ProductDetail/Texas-Instruments/SN74LS32DR?qs=SL3LIuy2dWwtfBSQ6o0JPg%3D%3D,Quad 2-input positive-OR gates,Tiles,SOIC127P600X175-14N-CAP,https://www.mouser.sg/ProductDetail/Mill-Max/110-93-314-41-801000?qs=%2Fha2pyFaduiAoJI%252BFT3Un6AU4u1EPWQWyNo%252BHzE50tJ%252B9XjMyXXSECwGDt8yOlKj,Not placed
Miscellaneous,2,"5R,5S",7485,https://www.mouser.sg/ProductDetail/Texas-Instruments/SN74LS85DR?qs=UG%2F8xqv%2F6Wcr2VkhPBBoGA%3D%3D,4-Bit Magnitude Comparator,Sprites,SOIC127P600X175-16N-CAP,https://www.mouser.sg/ProductDetail/Mill-Max/110-13-316-41-801000?qs=WZeyYeqMOWd122xzWNZKKg%3D%3D,Not placed
Miscellaneous,2,"5R7,6R7",74LS86,https://www.mouser.sg/ProductDetail/Texas-Instruments/SN74LS86ADR?qs=UG%2F8xqv%2F6WeQUT2f2bzDnQ%3D%3D,Quadruple 2-Input Exclusive-OR Gates,Tiles,SOIC127P600X175-14N-CAP,https://www.mouser.sg/ProductDetail/Mill-Max/110-93-314-41-801000?qs=%2Fha2pyFaduiAoJI%252BFT3Un6AU4u1EPWQWyNo%252BHzE50tJ%252B9XjMyXXSECwGDt8yOlKj,Not placed
Miscellaneous,1,5S7,74LS174,https://www.mouser.sg/ProductDetail/Texas-Instruments/SN74LS174DR?qs=1K8%2FAQHn5WQhMQC6QKmQtQ%3D%3D,Hex D-Type Positive-Edge-Triggered Flip-Flops With Clear,Tiles,SOIC127P600X175-16N-CAP,https://www.mouser.sg/ProductDetail/Mill-Max/110-13-316-41-801000?qs=WZeyYeqMOWd122xzWNZKKg%3D%3D,Not placed
Miscellaneous,4,"6A,6B,6C,6D",74163,https://www.mouser.sg/ProductDetail/Texas-Instruments/SN74LS163ADR?qs=SL3LIuy2dWzQOqYS%2FWj%252BhA%3D%3D,Synchronous 4-Bit Binary Counters,Sprites,SOIC127P600X175-16N-CAP,https://www.mouser.sg/ProductDetail/Mill-Max/110-13-316-41-801000?qs=WZeyYeqMOWd122xzWNZKKg%3D%3D,Not placed
Miscellaneous,2,"6D2,6F2",74157,https://www.mouser.sg/ProductDetail/Texas-Instruments/SN74LS157DR?qs=SL3LIuy2dWw%2F%252Bp7AA8LUjg%3D%3D,Quadruple 1-of-2 Data Selectors/Multiplexers,Video,SOIC127P600X175-16N-CAP,https://www.mouser.sg/ProductDetail/Mill-Max/110-13-316-41-801000?qs=WZeyYeqMOWd122xzWNZKKg%3D%3D,Not placed
Miscellaneous,1,6F6,74157,https://www.mouser.sg/ProductDetail/Texas-Instruments/SN74LS157DR?qs=SL3LIuy2dWw%2F%252Bp7AA8LUjg%3D%3D,Quadruple 1-of-2 Data Selectors/Multiplexers,Chars,SOIC127P600X175-16N-CAP,https://www.mouser.sg/ProductDetail/Mill-Max/110-13-316-41-801000?qs=WZeyYeqMOWd122xzWNZKKg%3D%3D,Not placed
Miscellaneous,2,"6N2,6N6",7432,https://www.mouser.sg/ProductDetail/Texas-Instruments/SN74LS32DR?qs=SL3LIuy2dWwtfBSQ6o0JPg%3D%3D,Quad 2-input positive-OR gates,Chars,SOIC127P600X175-14N-CAP,https://www.mouser.sg/ProductDetail/Mill-Max/110-93-314-41-801000?qs=%2Fha2pyFaduiAoJI%252BFT3Un6AU4u1EPWQWyNo%252BHzE50tJ%252B9XjMyXXSECwGDt8yOlKj,Not placed
Miscellaneous,1,6P6,74LS86,https://www.mouser.sg/ProductDetail/Texas-Instruments/SN74LS86ADR?qs=UG%2F8xqv%2F6WeQUT2f2bzDnQ%3D%3D,Quadruple 2-Input Exclusive-OR Gates,Chars,SOIC127P600X175-14N-CAP,https://www.mouser.sg/ProductDetail/Mill-Max/110-93-314-41-801000?qs=%2Fha2pyFaduiAoJI%252BFT3Un6AU4u1EPWQWyNo%252BHzE50tJ%252B9XjMyXXSECwGDt8yOlKj,Not placed
Miscellaneous,3,"6R,6S,L7E",74LS174,https://www.mouser.sg/ProductDetail/Texas-Instruments/SN74LS174DR?qs=1K8%2FAQHn5WQhMQC6QKmQtQ%3D%3D,Hex D-Type Positive-Edge-Triggered Flip-Flops With Clear,Sprites,SOIC127P600X175-16N-CAP,https://www.mouser.sg/ProductDetail/Mill-Max/110-13-316-41-801000?qs=WZeyYeqMOWd122xzWNZKKg%3D%3D,Not placed
Miscellaneous,1,6S7,74273,https://www.mouser.sg/ProductDetail/Texas-Instruments/SN74LS273NSR?qs=SL3LIuy2dWxsq%2FCTeVMKZg%3D%3D,Octal D-Type Positive-Edge-Triggered Flip-Flops With Clear,Tiles,SOIC127P780X200-20N-CAP,https://www.mouser.sg/ProductDetail/Mill-Max/110-43-320-41-801000?qs=RC2ne4458IKe5rHuueYA%2FA%3D%3D,Not placed
Miscellaneous,1,7A,7408,https://www.mouser.sg/ProductDetail/Texas-Instruments/SN74LS08DR?qs=SL3LIuy2dWwzq5fnFo78kw%3D%3D,Quadruple 2-Input Positive-AND Gates,Sprites,SOIC127P600X175-14N-CAP,https://www.mouser.sg/ProductDetail/Mill-Max/110-93-314-41-801000?qs=%2Fha2pyFaduiAoJI%252BFT3Un6AU4u1EPWQWyNo%252BHzE50tJ%252B9XjMyXXSECwGDt8yOlKj,Not placed
Miscellaneous,2,"7A2,8B2",74LS174,https://www.mouser.sg/ProductDetail/Texas-Instruments/SN74LS174DR?qs=1K8%2FAQHn5WQhMQC6QKmQtQ%3D%3D,Hex D-Type Positive-Edge-Triggered Flip-Flops With Clear,Video,SOIC127P600X175-16N-CAP,https://www.mouser.sg/ProductDetail/Mill-Max/110-13-316-41-801000?qs=WZeyYeqMOWd122xzWNZKKg%3D%3D,Not placed
Miscellaneous,2,"7B2,7C2",74LS245,https://www.mouser.sg/ProductDetail/Texas-Instruments/SN74LS245DWR?qs=w32V8uFkMxmdnuKq6FiFpw%3D%3D,Octal Bus Transceivers With Tristate Outputs,Video,SOIC127P1030X265-20N-CAP,https://www.mouser.sg/ProductDetail/Mill-Max/110-43-320-41-801000?qs=RC2ne4458IKe5rHuueYA%2FA%3D%3D,Not placed
Miscellaneous,1,7D,74LS21,https://www.mouser.sg/ProductDetail/Texas-Instruments/SN74LS21DR?qs=SL3LIuy2dWyPPAPwa0NRqg%3D%3D,Dual 4-Input Positive-AND Gates,Sprites,SOIC127P600X175-14N-CAP,https://www.mouser.sg/ProductDetail/Mill-Max/110-93-314-41-801000?qs=%2Fha2pyFaduiAoJI%252BFT3Un6AU4u1EPWQWyNo%252BHzE50tJ%252B9XjMyXXSECwGDt8yOlKj,Not placed
Miscellaneous,6,"7D6,7F6,7H6,7J6,7K6,L7E6",74194,https://www.mouser.sg/ProductDetail/Texas-Instruments/SN74LS194AD?qs=SL3LIuy2dWyQbcrd0iQ7mw%3D%3D,4-Bit Bidirectional Universal Shift Registers,Chars,SOIC127P600X175-16N-CAP,https://www.mouser.sg/ProductDetail/Mill-Max/110-13-316-41-801000?qs=WZeyYeqMOWd122xzWNZKKg%3D%3D,Not placed
Miscellaneous,4,"7JR,7LR,7MR,7MR2",6264FAST,https://www.mouser.sg/ProductDetail/Alliance-Memory/AS6C6264-55PCN?qs=sGAEpiMZZMt9mBA6nIyysDfDw0vDQxSwL3Jgh6owPVw%3D,64K (8Kx8) Static RAM,Sprites,DIL28CAP20,https://www.mouser.sg/ProductDetail/Mill-Max/110-13-628-41-801000?qs=%2Fha2pyFaduj2Vn9jTBaNkbbuPoiuMRTWeD8fU3A14YCfUCD0%252BtDLsfAVe9w3OSTn,Not placed
Miscellaneous,8,"7L7,7L72,7M7,7M72,7N7,7P7,7R7,7S7",74194,https://www.mouser.sg/ProductDetail/Texas-Instruments/SN74LS194AD?qs=SL3LIuy2dWyQbcrd0iQ7mw%3D%3D,4-Bit Bidirectional Universal Shift Registers,Tiles,SOIC127P600X175-16N-CAP,https://www.mouser.sg/ProductDetail/Mill-Max/110-13-316-41-801000?qs=WZeyYeqMOWd122xzWNZKKg%3D%3D,Not placed
Miscellaneous,1,7R,74S139,https://www.mouser.sg/ProductDetail/Texas-Instruments/SN74LS139ADR?qs=SL3LIuy2dWwpYzaAOf%252BnlA%3D%3D,Dual 2-Line to 4-Line Decoders/Demultiplexers,Video,SOIC127P600X175-16N-CAP,https://www.mouser.sg/ProductDetail/Mill-Max/110-13-316-41-801000?qs=WZeyYeqMOWd122xzWNZKKg%3D%3D,Not placed
Miscellaneous,1,7S,74HC138,https://www.mouser.sg/ProductDetail/Texas-Instruments/SN74LS138DR?qs=SL3LIuy2dWwYDw%252Bne7f7PA%3D%3D,3-Line to 8-Line Decoders/Demultiplexers,Sprites,SOIC127P600X175-16N-CAP,https://www.mouser.sg/ProductDetail/Mill-Max/110-13-316-41-801000?qs=WZeyYeqMOWd122xzWNZKKg%3D%3D,Not placed
Miscellaneous,4,"8H6R,8K6R,8N6R,L8E6R",6264FAST,https://www.mouser.sg/ProductDetail/Alliance-Memory/AS6C6264-55PCN?qs=sGAEpiMZZMt9mBA6nIyysDfDw0vDQxSwL3Jgh6owPVw%3D,64K (8Kx8) Static RAM,Chars,DIL28CAP20,https://www.mouser.sg/ProductDetail/Mill-Max/110-13-628-41-801000?qs=%2Fha2pyFaduj2Vn9jTBaNkbbuPoiuMRTWeD8fU3A14YCfUCD0%252BtDLsfAVe9w3OSTn,Not placed
Miscellaneous,1,BACKGROUNDRGB0,TST-110-04-L-D-RA,https://www.mouser.sg/ProductDetail/Samtec/TST-110-04-L-D-RA?qs=rU5fayqh%252BE0tH2YmPykHsg%3D%3D,"Samtec TST, 2.54mm Pitch, 20 Way, 2 Row PCB Terminal Block Header, Surface Mount",Video,SHDRRA20W64P254_2X10_3302X889X927P,,Not placed
Miscellaneous,1,BACKGROUNDRGB1,TST-110-04-L-D-RA,https://www.mouser.sg/ProductDetail/Samtec/TST-110-04-L-D-RA?qs=rU5fayqh%252BE0tH2YmPykHsg%3D%3D,"Samtec TST, 2.54mm Pitch, 20 Way, 2 Row PCB Terminal Block Header, Surface Mount",BackgroundRGB,SHDRRA20W64P254_2X10_3302X889X927P,,Not placed
Miscellaneous,1,BANKSEL1,CONN-SIL2,https://www.mouser.sg/ProductDetail/Molex/90121-0122?qs=PvP5v7Eimsnxy72QvVQroA%3D%3D,0.1in pitch SIL connector strip,Sprites,CONN-SIL2,,Not placed
Miscellaneous,1,BANKSEL2,CONN-SIL2,https://www.mouser.sg/ProductDetail/Molex/90121-0122?qs=PvP5v7Eimsnxy72QvVQroA%3D%3D,0.1in pitch SIL connector strip,Tiles,CONN-SIL2,,Not placed
Miscellaneous,1,BANKSEL3,CONN-SIL2,https://www.mouser.sg/ProductDetail/Molex/90121-0122?qs=PvP5v7Eimsnxy72QvVQroA%3D%3D,0.1in pitch SIL connector strip,Sprites2,CONN-SIL2,,Top Copper
Miscellaneous,1,BANKSEL4,CONN-SIL2,https://www.mouser.sg/ProductDetail/Molex/90121-0122?qs=PvP5v7Eimsnxy72QvVQroA%3D%3D,0.1in pitch SIL connector strip,Chars,CONN-SIL2,,Not placed
Miscellaneous,1,BANKSEL5,CONN-SIL2,https://www.mouser.sg/ProductDetail/Molex/90121-0122?qs=PvP5v7Eimsnxy72QvVQroA%3D%3D,0.1in pitch SIL connector strip,Mode7,CONN-SIL2,,Not placed
Miscellaneous,1,BANKSEL6,CONN-SIL2,https://www.mouser.sg/ProductDetail/Molex/90121-0122?qs=PvP5v7Eimsnxy72QvVQroA%3D%3D,0.1in pitch SIL connector strip,Vectors,CONN-SIL2,,Not placed
Miscellaneous,1,BANKSEL7,CONN-SIL2,https://www.mouser.sg/ProductDetail/Molex/90121-0122?qs=PvP5v7Eimsnxy72QvVQroA%3D%3D,0.1in pitch SIL connector strip,Combiner,CONN-SIL2,,Not placed
Miscellaneous,6,"BGHTIMES,MEMORY,SPRITESTIMING,VECLL1,VIDEO,VSMCHAR",,,Logic Analyser (Virtual Instrument),,NULL,,Not placed
Miscellaneous,3,"DR58,DR68,DR78",75,,Generic resistor symbol,,NULL,,Not placed
Miscellaneous,1,DSW1,DIPSW_8,https://www.mouser.sg/ProductDetail/TE-Connectivity/ADE08A04?qs=sGAEpiMZZMtt%2FePYj%2FTMhwk%252B%2FhX4O0WAjJubDt0lPR8%3D,Interactive DIP Switch 8 indipendent elements,Sprites,SW-DIP8,,Not placed
Miscellaneous,2,"DSW2,DSW3",DIPSW_8,https://www.mouser.sg/ProductDetail/TE-Connectivity/ADE08A04?qs=sGAEpiMZZMtt%2FePYj%2FTMhwk%252B%2FhX4O0WAjJubDt0lPR8%3D,Interactive DIP Switch 8 indipendent elements,Chars,SW-DIP8,,Not placed
Miscellaneous,2,"DSW4,DSW5",DIPSW_8,https://www.mouser.sg/ProductDetail/TE-Connectivity/ADE08A04?qs=sGAEpiMZZMtt%2FePYj%2FTMhwk%252B%2FhX4O0WAjJubDt0lPR8%3D,Interactive DIP Switch 8 indipendent elements,Tiles,SW-DIP8,,Not placed
Miscellaneous,1,DSW6,DIPSW_8,https://www.mouser.sg/ProductDetail/TE-Connectivity/ADE08A04?qs=sGAEpiMZZMtt%2FePYj%2FTMhwk%252B%2FhX4O0WAjJubDt0lPR8%3D,Interactive DIP Switch 8 indipendent elements,Mode7,SW-DIP8,,Not placed
Miscellaneous,3,"DSW7,DSW10,DSW16",DIPSW_8,https://www.mouser.sg/ProductDetail/TE-Connectivity/ADE08A04?qs=sGAEpiMZZMtt%2FePYj%2FTMhwk%252B%2FhX4O0WAjJubDt0lPR8%3D,Interactive DIP Switch 8 indipendent elements,Sprites2,SW-DIP8,,Top Copper
Miscellaneous,1,DSW8,DIPSW_8,https://www.mouser.sg/ProductDetail/TE-Connectivity/ADE08A04?qs=sGAEpiMZZMtt%2FePYj%2FTMhwk%252B%2FhX4O0WAjJubDt0lPR8%3D,Interactive DIP Switch 8 indipendent elements,Vectors,SW-DIP8,,Not placed
Miscellaneous,6,"DSW9,DSW13,DSW19,DSW20,DSW21,DSW22",DIPSW_2,https://www.mouser.sg/ProductDetail/TE-Connectivity-PB/1825360-1?qs=Ftb%252BnBCDTZKCT4kLG1kHfw%3D%3D,Interactive DIP Switch 2 indipendent elements,Video,SW-DIP2,,Not placed
Miscellaneous,1,DSW11,DIPSW_2,https://www.mouser.sg/ProductDetail/TE-Connectivity-PB/1825360-1?qs=Ftb%252BnBCDTZKCT4kLG1kHfw%3D%3D,Interactive DIP Switch 2 indipendent elements,Sprites,SW-DIP2,,Not placed
Miscellaneous,1,DSW12,DIPSW_8,https://www.mouser.sg/ProductDetail/TE-Connectivity/ADE08A04?qs=sGAEpiMZZMtt%2FePYj%2FTMhwk%252B%2FhX4O0WAjJubDt0lPR8%3D,Interactive DIP Switch 8 indipendent elements,Video,SW-DIP8,,Not placed
Miscellaneous,2,"DSW14,DSW15",DIPSW_8,https://www.mouser.sg/ProductDetail/TE-Connectivity/ADE08A04?qs=sGAEpiMZZMtt%2FePYj%2FTMhwk%252B%2FhX4O0WAjJubDt0lPR8%3D,Interactive DIP Switch 8 indipendent elements,BackgroundRGB,SW-DIP8,,Not placed
Miscellaneous,1,DSW18,DIPSW_2,https://www.mouser.sg/ProductDetail/TE-Connectivity-PB/1825360-1?qs=Ftb%252BnBCDTZKCT4kLG1kHfw%3D%3D,Interactive DIP Switch 2 indipendent elements,BackgroundRGB,SW-DIP2,,Not placed
Miscellaneous,1,EXPANSIONBUSA1,CONN-DIL34,https://www.mouser.sg/ProductDetail/3M-Electronic-Solutions-Division/929852-01-17-30?qs=sGAEpiMZZMs%252BGHln7q6pm0R%252BIqgWC%252BQxCIlq0Hg83cE%3D,0.1in pitch DIL connector strip,Backplane,CONN-DIL34,,Not placed
Miscellaneous,1,EXPANSIONBUSB1,CONN-DIL8,https://www.mouser.sg/ProductDetail/Mill-Max/803-47-008-10-001000?qs=sGAEpiMZZMvlX3nhDDO4AEvDUxDP%2FxEU0g06CSv%2FFqg%3D,0.1in pitch DIL connector strip,Backplane,CONN-DIL8,,Not placed
Miscellaneous,1,EXPANSIONBUSC1,CONN-SIL2,https://www.mouser.sg/ProductDetail/3M-Electronic-Solutions-Division/929850-01-02-10?qs=sGAEpiMZZMs%252BGHln7q6pm6DQXoV0bF8fKj%2FScW6NT6k%3D,0.1in pitch SIL connector strip,Backplane,CONN-SIL2,,Not placed
Miscellaneous,16,"EXPANSIONBUSH1,EXPANSIONBUSH2,EXPANSIONBUSH3,EXPANSIONBUSH4,EXPANSIONBUSH5,EXPANSIONBUSH6,EXPANSIONBUSH7,EXPANSIONBUSH8,VIDEOH1,VIDEOH2,VIDEOH3,VIDEOH4,VIDEOH5,VIDEOH6,VIDEOH7,VIDEOH8",09022646824,https://www.mouser.sg/ProductDetail/?qs=gIpPgrDBK%2Fj7cjNJs9Ij%252BQ%3D%3D,"Harting 64 Way 2.54mm Pitch, Type B Class C2, 2 Row a/b, Straight DIN 41612 Connector, Socket, Solder",Backplane,09022646824,,Not placed
Miscellaneous,2,"EXPANSIONBUSP1,VIDEOP1",MY_09021646921,https://www.mouser.sg/ProductDetail/HARTING/09021646921?qs=gIpPgrDBK%2FiWr6s0yE4P1A%3D%3D,DIN 41612 Connectors 64P 2A MALE R/A SLDR,Video,09021646921,,Not placed
Miscellaneous,2,"EXPANSIONBUSP2,VIDEOP2",MY_09021646921,https://www.mouser.sg/ProductDetail/HARTING/09021646921?qs=gIpPgrDBK%2FiWr6s0yE4P1A%3D%3D,DIN 41612 Connectors 64P 2A MALE R/A SLDR,Chars,09021646921,,Not placed
Miscellaneous,2,"EXPANSIONBUSP3,VIDEOP3",MY_09021646921,https://www.mouser.sg/ProductDetail/HARTING/09021646921?qs=gIpPgrDBK%2FiWr6s0yE4P1A%3D%3D,DIN 41612 Connectors 64P 2A MALE R/A SLDR,Sprites,09021646921,,Not placed
Miscellaneous,2,"EXPANSIONBUSP4,VIDEOP4",MY_09021646921,https://www.mouser.sg/ProductDetail/HARTING/09021646921?qs=gIpPgrDBK%2FiWr6s0yE4P1A%3D%3D,DIN 41612 Connectors 64P 2A MALE R/A SLDR,Tiles,09021646921,,Not placed
Miscellaneous,2,"EXPANSIONBUSP5,VIDEOP5",MY_09021646921,https://www.mouser.sg/ProductDetail/HARTING/09021646921?qs=gIpPgrDBK%2FiWr6s0yE4P1A%3D%3D,DIN 41612 Connectors 64P 2A MALE R/A SLDR,Mode7,09021646921,,Not placed
Miscellaneous,2,"EXPANSIONBUSP6,VIDEOP6",MY_09021646921,https://www.mouser.sg/ProductDetail/HARTING/09021646921?qs=gIpPgrDBK%2FiWr6s0yE4P1A%3D%3D,DIN 41612 Connectors 64P 2A MALE R/A SLDR,Sprites2,09021646921,,Top Copper
Miscellaneous,2,"EXPANSIONBUSP7,VIDEOP7",MY_09021646921,https://www.mouser.sg/ProductDetail/HARTING/09021646921?qs=gIpPgrDBK%2FiWr6s0yE4P1A%3D%3D,DIN 41612 Connectors 64P 2A MALE R/A SLDR,Vectors,09021646921,,Not placed
Miscellaneous,2,"EXPANSIONBUSP8,VIDEOP8",MY_09021646921,https://www.mouser.sg/ProductDetail/HARTING/09021646921?qs=gIpPgrDBK%2FiWr6s0yE4P1A%3D%3D,DIN 41612 Connectors 64P 2A MALE R/A SLDR,Combiner,09021646921,,Not placed
Miscellaneous,2,"EXPANSIONBUSP9,VIDEOP9",MY_09021646921,https://www.mouser.sg/ProductDetail/HARTING/09021646921?qs=gIpPgrDBK%2FiWr6s0yE4P1A%3D%3D,DIN 41612 Connectors 64P 2A MALE R/A SLDR,BackgroundRGB,09021646921,,Not placed
Miscellaneous,1,INRAMSEL1,CONN-SIL8,https://www.mouser.sg/ProductDetail/Molex/90121-0128?qs=PvP5v7EimsmfZ8WDsc6%252BuA%3D%3D,0.1in pitch SIL connector strip,Video,CONN-SIL8,,Not placed
Miscellaneous,3,"JP1,JP2,JP3",JUMPER,,Animated Jumper,,CONN-SIL2,,Not placed
Miscellaneous,1,L5E2NEW,74273,https://www.mouser.sg/ProductDetail/Texas-Instruments/SN74LS273NSR?qs=SL3LIuy2dWxsq%2FCTeVMKZg%3D%3D,Octal D-Type Positive-Edge-Triggered Flip-Flops With Clear,Video,SOIC127P780X200-20N-CAP,https://www.mouser.sg/ProductDetail/Mill-Max/110-43-320-41-801000?qs=RC2ne4458IKe5rHuueYA%2FA%3D%3D,Not placed
Miscellaneous,4,"LAYER1,LAYER2,LAYER3,LAYER4",TST-105-04-L-D-RA,https://www.mouser.sg/ProductDetail/Samtec/TST-105-04-L-D-RA?qs=rU5fayqh%252BE1Sh4tE8MmD1w%3D%3D,Conn Shrouded Header HDR 10 POS 2.54mm Solder RA Thru-Hole Tube,Video,SHDRRA10W64P254_2X5_2032X889X927P,,Not placed
Miscellaneous,1,OSC1,SQRWIDOSCDIL,https://www.mouser.sg/ProductDetail/3M-Electronic-Solutions-Division/4814-3000-CP?qs=IGgAdOvCTsSwgxfUvPVZeg%3D%3D,,Sprites2,SQRWIDOSCDIL14,,Top Copper
Miscellaneous,1,OSC2,SQRWIDOSCDIL,https://www.mouser.sg/ProductDetail/3M-Electronic-Solutions-Division/4814-3000-CP?qs=IGgAdOvCTsSwgxfUvPVZeg%3D%3D,,Sprites,SQRWIDOSCDIL14,,Not placed
Miscellaneous,1,PIXEL1,TST-105-04-L-D-RA,https://www.mouser.sg/ProductDetail/Samtec/TST-105-04-L-D-RA?qs=rU5fayqh%252BE1Sh4tE8MmD1w%3D%3D,Conn Shrouded Header HDR 10 POS 2.54mm Solder RA Thru-Hole Tube,Sprites,SHDRRA10W64P254_2X5_2032X889X927P,,Not placed
Miscellaneous,1,PIXEL2,TST-105-04-L-D-RA,https://www.mouser.sg/ProductDetail/Samtec/TST-105-04-L-D-RA?qs=rU5fayqh%252BE1Sh4tE8MmD1w%3D%3D,Conn Shrouded Header HDR 10 POS 2.54mm Solder RA Thru-Hole Tube,Chars,SHDRRA10W64P254_2X5_2032X889X927P,,Not placed
Miscellaneous,2,"PIXEL3,PIXEL4",TST-105-04-L-D-RA,https://www.mouser.sg/ProductDetail/Samtec/TST-105-04-L-D-RA?qs=rU5fayqh%252BE1Sh4tE8MmD1w%3D%3D,Conn Shrouded Header HDR 10 POS 2.54mm Solder RA Thru-Hole Tube,Tiles,SHDRRA10W64P254_2X5_2032X889X927P,,Not placed
Miscellaneous,1,PIXEL5,TST-105-04-L-D-RA,https://www.mouser.sg/ProductDetail/Samtec/TST-105-04-L-D-RA?qs=rU5fayqh%252BE1Sh4tE8MmD1w%3D%3D,Conn Shrouded Header HDR 10 POS 2.54mm Solder RA Thru-Hole Tube,Mode7,SHDRRA10W64P254_2X5_2032X889X927P,,Not placed
Miscellaneous,1,PIXEL6,TST-105-04-L-D-RA,https://www.mouser.sg/ProductDetail/Samtec/TST-105-04-L-D-RA?qs=rU5fayqh%252BE1Sh4tE8MmD1w%3D%3D,Conn Shrouded Header HDR 10 POS 2.54mm Solder RA Thru-Hole Tube,Sprites2,SHDRRA10W64P254_2X5_2032X889X927P,,Top Copper
Miscellaneous,1,PIXEL7,TST-105-04-L-D-RA,https://www.mouser.sg/ProductDetail/Samtec/TST-105-04-L-D-RA?qs=rU5fayqh%252BE1Sh4tE8MmD1w%3D%3D,Conn Shrouded Header HDR 10 POS 2.54mm Solder RA Thru-Hole Tube,Vectors,SHDRRA10W64P254_2X5_2032X889X927P,,Not placed
Miscellaneous,6,"PIXEL8,PIXEL9,PIXEL10,PIXEL11,PIXEL12,PIXEL13",TST-105-04-L-D-RA,https://www.mouser.sg/ProductDetail/Samtec/TST-105-04-L-D-RA?qs=rU5fayqh%252BE1Sh4tE8MmD1w%3D%3D,Conn Shrouded Header HDR 10 POS 2.54mm Solder RA Thru-Hole Tube,Combiner,SHDRRA10W64P254_2X5_2032X889X927P,,Not placed
Miscellaneous,1,POWER 5V,163-179PH-EX,https://www.mouser.sg/ProductDetail/163-179PH-EX,DC Power Connectors PCB 2.1MM,Backplane,163179PHEX,,Not placed
Miscellaneous,2,"ROWCOL1,VIDEO1",CONN-DIL20,https://www.mouser.sg/ProductDetail/3M-Electronic-Solutions-Division/929850-01-20-10?qs=sGAEpiMZZMs%252BGHln7q6pmwu5ra4CY41iGmTOHot%252BMls%3D,0.1in pitch DIL connector strip,Backplane,CONN-DIL20,,Not placed
Miscellaneous,3,"RV1,RV2,RV3",100,https://www.mouser.sg/ProductDetail/Bourns/3006P-7-101LF?qs=GiVA9kKujyafZRjN8HNnfA%3D%3D,POT 100 OHM 3/4 inch RECT WW SL MT,Video,PRE-MT0.75,,Not placed
Miscellaneous,1,VID1,CONN-DIL8,https://www.mouser.sg/ProductDetail/Mill-Max/803-47-008-10-001000?qs=sGAEpiMZZMvlX3nhDDO4AEvDUxDP%2FxEU0g06CSv%2FFqg%3D,0.1in pitch DIL connector strip,Video,CONN-DIL8,,Not placed
Miscellaneous,1,VID2,2311586-4,https://www.mouser.sg/ProductDetail/TE-Connectivity/2311586-4?qs=rrS6PyfT74fCtSRxG4pC6w%3D%3D,"D-Sub High Density Connectors AMPL REC, HD22 R/A 15P THREADED BLU",Video,23115864,,Not placed
Miscellaneous,1,VSMDD1,VSMDIGITALDISPLAY,,CRT Display with frequency detection,,NULL,,Not placed
Miscellaneous,6,"VSMDD2,VSMDD4,VSMDD6,VSMDD8,VSMDD9,VSMDD10",VSMDIGITALDATA,,Digital Data Generator (Virtual Instrument),,NULL,,Not placed
Miscellaneous,4,"VSMDD3,VSMDD5,VSMDD7,VSMDD11",VSMDIGITALDATAINPUT,,Digital Data Generator (Virtual Instrument),,NULL,,Not placed
Miscellaneous,1,X2,CRYSTAL,https://www.mouser.sg/ProductDetail/520-HCU1209-SX,Quartz crystal,Video,XTAL18,,Not placed
